mu,seed,cell_id,n,k
0.2,0,0,833,572
0.2,0,1,199,95
0.2,0,2,801,659
0.2,0,3,196,123
0.2,0,4,787,762
0.2,0,5,214,152
0.2,0,6,748,438
0.2,0,7,203,91
0.2,0,8,803,623
0.2,0,9,217,142
0.2,0,10,814,743
0.2,0,11,185,138
0.2,1,0,787,513
0.2,1,1,181,70
0.2,1,2,806,646
0.2,1,3,210,128
0.2,1,4,841,816
0.2,1,5,191,145
0.2,1,6,793,473
0.2,1,7,194,90
0.2,1,8,800,601
0.2,1,9,195,121
0.2,1,10,807,727
0.2,1,11,195,146
0.2,2,0,804,538
0.2,2,1,206,90
0.2,2,2,804,671
0.2,2,3,205,123
0.2,2,4,782,758
0.2,2,5,218,159
0.2,2,6,792,481
0.2,2,7,200,101
0.2,2,8,811,617
0.2,2,9,197,122
0.2,2,10,795,732
0.2,2,11,186,159
0.2,3,0,794,550
0.2,3,1,192,90
0.2,3,2,829,686
0.2,3,3,192,113
0.2,3,4,799,772
0.2,3,5,202,152
0.2,3,6,786,472
0.2,3,7,186,98
0.2,3,8,764,596
0.2,3,9,213,132
0.2,3,10,836,766
0.2,3,11,207,166
0.2,4,0,853,568
0.2,4,1,212,85
0.2,4,2,776,634
0.2,4,3,221,119
0.2,4,4,777,751
0.2,4,5,230,162
0.2,4,6,763,457
0.2,4,7,178,88
0.2,4,8,805,588
0.2,4,9,193,124
0.2,4,10,786,727
0.2,4,11,206,160
0.2,5,0,788,542
0.2,5,1,214,104
0.2,5,2,783,647
0.2,5,3,215,118
0.2,5,4,752,733
0.2,5,5,182,134
0.2,5,6,798,478
0.2,5,7,209,108
0.2,5,8,864,664
0.2,5,9,214,131
0.2,5,10,768,693
0.2,5,11,213,182
0.2,6,0,822,558
0.2,6,1,204,80
0.2,6,2,854,705
0.2,6,3,179,111
0.2,6,4,831,807
0.2,6,5,174,130
0.2,6,6,735,442
0.2,6,7,197,109
0.2,6,8,808,595
0.2,6,9,220,145
0.2,6,10,786,704
0.2,6,11,190,152
0.2,7,0,799,542
0.2,7,1,189,90
0.2,7,2,758,625
0.2,7,3,206,111
0.2,7,4,817,788
0.2,7,5,200,145
0.2,7,6,816,488
0.2,7,7,201,99
0.2,7,8,811,609
0.2,7,9,223,131
0.2,7,10,795,730
0.2,7,11,185,141
0.2,8,0,772,510
0.2,8,1,193,81
0.2,8,2,823,670
0.2,8,3,208,127
0.2,8,4,784,759
0.2,8,5,204,145
0.2,8,6,807,481
0.2,8,7,207,104
0.2,8,8,790,621
0.2,8,9,210,137
0.2,8,10,779,707
0.2,8,11,223,174
0.2,9,0,819,524
0.2,9,1,204,89
0.2,9,2,800,656
0.2,9,3,188,105
0.2,9,4,829,810
0.2,9,5,176,128
0.2,9,6,847,513
0.2,9,7,189,83
0.2,9,8,765,589
0.2,9,9,189,126
0.2,9,10,807,741
0.2,9,11,187,150
0.2,10,0,727,491
0.2,10,1,212,90
0.2,10,2,840,689
0.2,10,3,194,102
0.2,10,4,802,781
0.2,10,5,205,148
0.2,10,6,778,475
0.2,10,7,186,95
0.2,10,8,798,612
0.2,10,9,197,123
0.2,10,10,837,760
0.2,10,11,224,177
0.2,11,0,783,526
0.2,11,1,225,92
0.2,11,2,760,609
0.2,11,3,201,109
0.2,11,4,748,732
0.2,11,5,207,155
0.2,11,6,853,537
0.2,11,7,187,97
0.2,11,8,833,634
0.2,11,9,207,133
0.2,11,10,787,719
0.2,11,11,209,162
0.2,12,0,768,512
0.2,12,1,204,95
0.2,12,2,818,668
0.2,12,3,182,112
0.2,12,4,777,763
0.2,12,5,201,141
0.2,12,6,819,502
0.2,12,7,197,101
0.2,12,8,821,625
0.2,12,9,177,121
0.2,12,10,849,765
0.2,12,11,187,155
0.2,13,0,791,489
0.2,13,1,178,75
0.2,13,2,851,702
0.2,13,3,190,121
0.2,13,4,781,755
0.2,13,5,208,145
0.2,13,6,830,537
0.2,13,7,204,101
0.2,13,8,768,570
0.2,13,9,228,134
0.2,13,10,790,719
0.2,13,11,181,141
0.2,14,0,806,557
0.2,14,1,176,79
0.2,14,2,807,684
0.2,14,3,196,111
0.2,14,4,812,783
0.2,14,5,203,144
0.2,14,6,784,475
0.2,14,7,236,114
0.2,14,8,781,580
0.2,14,9,210,130
0.2,14,10,808,743
0.2,14,11,181,140
0.2,15,0,808,543
0.2,15,1,212,86
0.2,15,2,830,686
0.2,15,3,188,110
0.2,15,4,775,754
0.2,15,5,198,144
0.2,15,6,754,453
0.2,15,7,213,106
0.2,15,8,800,614
0.2,15,9,194,129
0.2,15,10,829,746
0.2,15,11,199,151
0.2,16,0,819,554
0.2,16,1,194,76
0.2,16,2,842,706
0.2,16,3,178,90
0.2,16,4,770,749
0.2,16,5,188,143
0.2,16,6,752,451
0.2,16,7,185,79
0.2,16,8,842,627
0.2,16,9,217,134
0.2,16,10,815,743
0.2,16,11,198,154
0.2,17,0,807,530
0.2,17,1,212,77
0.2,17,2,792,641
0.2,17,3,201,119
0.2,17,4,754,733
0.2,17,5,197,145
0.2,17,6,765,454
0.2,17,7,216,104
0.2,17,8,830,628
0.2,17,9,200,137
0.2,17,10,826,746
0.2,17,11,200,156
0.2,18,0,791,537
0.2,18,1,210,88
0.2,18,2,817,672
0.2,18,3,215,115
0.2,18,4,778,759
0.2,18,5,208,148
0.2,18,6,773,476
0.2,18,7,202,99
0.2,18,8,837,648
0.2,18,9,195,120
0.2,18,10,769,701
0.2,18,11,205,157
0.2,19,0,782,506
0.2,19,1,210,83
0.2,19,2,786,641
0.2,19,3,190,110
0.2,19,4,804,775
0.2,19,5,191,131
0.2,19,6,818,493
0.2,19,7,201,92
0.2,19,8,785,595
0.2,19,9,200,119
0.2,19,10,829,752
0.2,19,11,204,167
0.2,20,0,796,514
0.2,20,1,191,89
0.2,20,2,829,715
0.2,20,3,178,104
0.2,20,4,828,806
0.2,20,5,175,131
0.2,20,6,818,504
0.2,20,7,180,83
0.2,20,8,794,610
0.2,20,9,212,146
0.2,20,10,796,723
0.2,20,11,203,155
0.2,21,0,777,523
0.2,21,1,188,89
0.2,21,2,800,652
0.2,21,3,216,138
0.2,21,4,748,729
0.2,21,5,194,145
0.2,21,6,830,495
0.2,21,7,208,94
0.2,21,8,758,585
0.2,21,9,214,137
0.2,21,10,837,763
0.2,21,11,230,188
0.2,22,0,817,573
0.2,22,1,186,74
0.2,22,2,780,628
0.2,22,3,188,111
0.2,22,4,848,821
0.2,22,5,209,162
0.2,22,6,767,438
0.2,22,7,214,114
0.2,22,8,778,593
0.2,22,9,213,120
0.2,22,10,810,731
0.2,22,11,190,147
0.2,23,0,817,549
0.2,23,1,201,94
0.2,23,2,800,644
0.2,23,3,202,119
0.2,23,4,823,795
0.2,23,5,205,147
0.2,23,6,769,490
0.2,23,7,200,98
0.2,23,8,796,594
0.2,23,9,203,123
0.2,23,10,802,733
0.2,23,11,182,144
0.2,24,0,803,550
0.2,24,1,210,95
0.2,24,2,809,687
0.2,24,3,216,129
0.2,24,4,822,800
0.2,24,5,201,143
0.2,24,6,769,464
0.2,24,7,208,109
0.2,24,8,805,607
0.2,24,9,183,123
0.2,24,10,794,713
0.2,24,11,180,136
0.2,25,0,812,522
0.2,25,1,198,87
0.2,25,2,788,654
0.2,25,3,227,133
0.2,25,4,792,772
0.2,25,5,192,146
0.2,25,6,780,450
0.2,25,7,205,110
0.2,25,8,801,615
0.2,25,9,211,133
0.2,25,10,791,703
0.2,25,11,203,163
0.2,26,0,824,570
0.2,26,1,184,73
0.2,26,2,790,640
0.2,26,3,176,108
0.2,26,4,836,809
0.2,26,5,211,166
0.2,26,6,737,459
0.2,26,7,205,108
0.2,26,8,811,614
0.2,26,9,195,118
0.2,26,10,838,766
0.2,26,11,193,149
0.2,27,0,835,548
0.2,27,1,195,80
0.2,27,2,785,645
0.2,27,3,187,121
0.2,27,4,819,796
0.2,27,5,201,135
0.2,27,6,760,461
0.2,27,7,193,88
0.2,27,8,777,637
0.2,27,9,217,140
0.2,27,10,804,724
0.2,27,11,227,178
0.2,28,0,770,505
0.2,28,1,194,96
0.2,28,2,803,663
0.2,28,3,193,115
0.2,28,4,801,770
0.2,28,5,236,160
0.2,28,6,788,463
0.2,28,7,226,118
0.2,28,8,789,590
0.2,28,9,194,118
0.2,28,10,820,749
0.2,28,11,186,157
0.2,29,0,777,519
0.2,29,1,215,94
0.2,29,2,810,668
0.2,29,3,205,119
0.2,29,4,787,771
0.2,29,5,227,159
0.2,29,6,828,484
0.2,29,7,207,106
0.2,29,8,736,550
0.2,29,9,213,132
0.2,29,10,787,724
0.2,29,11,208,163
0.2,30,0,795,519
0.2,30,1,188,68
0.2,30,2,820,672
0.2,30,3,200,117
0.2,30,4,784,761
0.2,30,5,223,160
0.2,30,6,792,475
0.2,30,7,205,90
0.2,30,8,789,612
0.2,30,9,191,135
0.2,30,10,831,765
0.2,30,11,182,146
0.2,31,0,834,540
0.2,31,1,181,85
0.2,31,2,845,691
0.2,31,3,195,112
0.2,31,4,855,831
0.2,31,5,192,149
0.2,31,6,811,518
0.2,31,7,203,104
0.2,31,8,757,568
0.2,31,9,168,111
0.2,31,10,789,717
0.2,31,11,170,134
0.2,32,0,781,518
0.2,32,1,207,88
0.2,32,2,801,657
0.2,32,3,229,144
0.2,32,4,791,765
0.2,32,5,200,139
0.2,32,6,798,508
0.2,32,7,212,102
0.2,32,8,784,598
0.2,32,9,200,112
0.2,32,10,809,720
0.2,32,11,188,148
0.2,33,0,803,571
0.2,33,1,223,98
0.2,33,2,820,681
0.2,33,3,192,108
0.2,33,4,807,782
0.2,33,5,193,135
0.2,33,6,753,428
0.2,33,7,205,98
0.2,33,8,815,624
0.2,33,9,212,142
0.2,33,10,813,730
0.2,33,11,164,137
0.2,34,0,754,483
0.2,34,1,194,85
0.2,34,2,802,643
0.2,34,3,198,115
0.2,34,4,777,763
0.2,34,5,229,161
0.2,34,6,793,466
0.2,34,7,200,88
0.2,34,8,835,637
0.2,34,9,196,126
0.2,34,10,839,767
0.2,34,11,183,143
0.2,35,0,801,525
0.2,35,1,172,86
0.2,35,2,811,659
0.2,35,3,195,110
0.2,35,4,796,778
0.2,35,5,235,162
0.2,35,6,795,490
0.2,35,7,185,100
0.2,35,8,836,627
0.2,35,9,179,119
0.2,35,10,788,716
0.2,35,11,207,166
0.2,36,0,792,542
0.2,36,1,222,83
0.2,36,2,820,668
0.2,36,3,197,111
0.2,36,4,804,780
0.2,36,5,200,139
0.2,36,6,789,457
0.2,36,7,199,105
0.2,36,8,782,595
0.2,36,9,191,131
0.2,36,10,779,707
0.2,36,11,225,175
0.2,37,0,817,535
0.2,37,1,184,88
0.2,37,2,800,660
0.2,37,3,204,109
0.2,37,4,810,789
0.2,37,5,188,135
0.2,37,6,784,485
0.2,37,7,196,85
0.2,37,8,810,619
0.2,37,9,192,118
0.2,37,10,814,742
0.2,37,11,201,161
0.2,38,0,823,562
0.2,38,1,190,87
0.2,38,2,845,690
0.2,38,3,208,122
0.2,38,4,794,776
0.2,38,5,200,138
0.2,38,6,786,448
0.2,38,7,201,100
0.2,38,8,757,558
0.2,38,9,204,124
0.2,38,10,816,739
0.2,38,11,176,136
0.2,39,0,809,546
0.2,39,1,197,84
0.2,39,2,800,675
0.2,39,3,199,119
0.2,39,4,848,832
0.2,39,5,199,149
0.2,39,6,778,463
0.2,39,7,195,89
0.2,39,8,775,626
0.2,39,9,213,145
0.2,39,10,790,716
0.2,39,11,197,152
0.2,40,0,852,564
0.2,40,1,209,82
0.2,40,2,796,649
0.2,40,3,199,112
0.2,40,4,833,812
0.2,40,5,188,133
0.2,40,6,755,468
0.2,40,7,201,93
0.2,40,8,779,578
0.2,40,9,205,127
0.2,40,10,783,706
0.2,40,11,200,155
0.2,41,0,743,482
0.2,41,1,185,74
0.2,41,2,819,674
0.2,41,3,207,108
0.2,41,4,801,779
0.2,41,5,205,153
0.2,41,6,802,491
0.2,41,7,201,89
0.2,41,8,806,609
0.2,41,9,173,112
0.2,41,10,842,765
0.2,41,11,216,170
0.2,42,0,773,515
0.2,42,1,179,85
0.2,42,2,792,655
0.2,42,3,193,115
0.2,42,4,816,792
0.2,42,5,214,158
0.2,42,6,845,523
0.2,42,7,207,102
0.2,42,8,770,602
0.2,42,9,218,134
0.2,42,10,805,741
0.2,42,11,188,152
0.2,43,0,846,571
0.2,43,1,177,76
0.2,43,2,827,686
0.2,43,3,194,123
0.2,43,4,798,776
0.2,43,5,201,155
0.2,43,6,817,492
0.2,43,7,182,84
0.2,43,8,771,596
0.2,43,9,197,130
0.2,43,10,805,721
0.2,43,11,185,147
0.2,44,0,795,498
0.2,44,1,191,87
0.2,44,2,768,625
0.2,44,3,200,105
0.2,44,4,826,794
0.2,44,5,175,128
0.2,44,6,861,503
0.2,44,7,214,119
0.2,44,8,762,575
0.2,44,9,191,124
0.2,44,10,814,734
0.2,44,11,203,158
0.2,45,0,815,535
0.2,45,1,200,87
0.2,45,2,781,637
0.2,45,3,199,115
0.2,45,4,803,781
0.2,45,5,191,144
0.2,45,6,745,450
0.2,45,7,230,109
0.2,45,8,812,639
0.2,45,9,192,115
0.2,45,10,839,757
0.2,45,11,193,152
0.2,46,0,835,558
0.2,46,1,193,75
0.2,46,2,843,690
0.2,46,3,198,117
0.2,46,4,808,788
0.2,46,5,199,151
0.2,46,6,778,480
0.2,46,7,202,96
0.2,46,8,755,569
0.2,46,9,194,125
0.2,46,10,819,743
0.2,46,11,176,144
0.2,47,0,829,563
0.2,47,1,233,96
0.2,47,2,760,636
0.2,47,3,214,118
0.2,47,4,790,774
0.2,47,5,212,146
0.2,47,6,776,495
0.2,47,7,221,110
0.2,47,8,821,616
0.2,47,9,208,142
0.2,47,10,735,662
0.2,47,11,201,165
0.2,48,0,797,520
0.2,48,1,203,87
0.2,48,2,802,641
0.2,48,3,210,120
0.2,48,4,770,739
0.2,48,5,203,151
0.2,48,6,818,511
0.2,48,7,197,83
0.2,48,8,810,602
0.2,48,9,192,118
0.2,48,10,817,736
0.2,48,11,181,140
0.2,49,0,795,523
0.2,49,1,200,80
0.2,49,2,848,697
0.2,49,3,215,113
0.2,49,4,778,753
0.2,49,5,168,120
0.2,49,6,793,483
0.2,49,7,203,105
0.2,49,8,808,643
0.2,49,9,197,133
0.2,49,10,786,718
0.2,49,11,209,159
0.2,50,0,780,539
0.2,50,1,197,87
0.2,50,2,786,637
0.2,50,3,189,106
0.2,50,4,824,796
0.2,50,5,234,175
0.2,50,6,813,499
0.2,50,7,176,79
0.2,50,8,796,609
0.2,50,9,186,108
0.2,50,10,808,733
0.2,50,11,211,166
0.2,51,0,852,561
0.2,51,1,203,77
0.2,51,2,771,627
0.2,51,3,203,108
0.2,51,4,766,740
0.2,51,5,191,134
0.2,51,6,797,496
0.2,51,7,172,79
0.2,51,8,830,632
0.2,51,9,197,125
0.2,51,10,816,731
0.2,51,11,202,153
0.2,52,0,815,529
0.2,52,1,220,99
0.2,52,2,783,660
0.2,52,3,215,124
0.2,52,4,762,741
0.2,52,5,222,154
0.2,52,6,799,489
0.2,52,7,207,117
0.2,52,8,764,579
0.2,52,9,200,127
0.2,52,10,814,738
0.2,52,11,199,162
0.2,53,0,762,517
0.2,53,1,190,84
0.2,53,2,779,636
0.2,53,3,207,127
0.2,53,4,823,799
0.2,53,5,189,137
0.2,53,6,778,465
0.2,53,7,219,123
0.2,53,8,791,600
0.2,53,9,208,125
0.2,53,10,861,791
0.2,53,11,193,154
0.2,54,0,789,519
0.2,54,1,188,76
0.2,54,2,785,659
0.2,54,3,181,105
0.2,54,4,808,790
0.2,54,5,204,147
0.2,54,6,784,484
0.2,54,7,197,99
0.2,54,8,831,636
0.2,54,9,209,126
0.2,54,10,823,749
0.2,54,11,201,159
0.2,55,0,804,542
0.2,55,1,200,77
0.2,55,2,801,662
0.2,55,3,189,108
0.2,55,4,794,772
0.2,55,5,193,131
0.2,55,6,763,450
0.2,55,7,216,98
0.2,55,8,872,669
0.2,55,9,198,115
0.2,55,10,774,695
0.2,55,11,196,158
0.2,56,0,751,498
0.2,56,1,230,99
0.2,56,2,831,663
0.2,56,3,214,129
0.2,56,4,824,796
0.2,56,5,182,131
0.2,56,6,811,485
0.2,56,7,205,107
0.2,56,8,767,578
0.2,56,9,196,123
0.2,56,10,781,705
0.2,56,11,208,166
0.2,57,0,826,551
0.2,57,1,211,85
0.2,57,2,815,682
0.2,57,3,196,99
0.2,57,4,794,774
0.2,57,5,192,145
0.2,57,6,741,438
0.2,57,7,208,96
0.2,57,8,800,623
0.2,57,9,211,139
0.2,57,10,811,738
0.2,57,11,195,148
0.2,58,0,776,535
0.2,58,1,205,86
0.2,58,2,810,672
0.2,58,3,209,114
0.2,58,4,790,769
0.2,58,5,215,157
0.2,58,6,739,462
0.2,58,7,201,91
0.2,58,8,841,631
0.2,58,9,222,130
0.2,58,10,808,723
0.2,58,11,184,150
0.2,59,0,800,516
0.2,59,1,195,77
0.2,59,2,805,665
0.2,59,3,175,101
0.2,59,4,764,745
0.2,59,5,202,150
0.2,59,6,797,480
0.2,59,7,210,101
0.2,59,8,831,637
0.2,59,9,208,129
0.2,59,10,807,728
0.2,59,11,206,166
0.2,60,0,823,566
0.2,60,1,176,80
0.2,60,2,815,668
0.2,60,3,225,129
0.2,60,4,804,784
0.2,60,5,181,130
0.2,60,6,794,464
0.2,60,7,208,101
0.2,60,8,813,625
0.2,60,9,207,133
0.2,60,10,764,707
0.2,60,11,190,153
0.2,61,0,787,529
0.2,61,1,192,85
0.2,61,2,781,643
0.2,61,3,208,118
0.2,61,4,799,775
0.2,61,5,184,145
0.2,61,6,813,492
0.2,61,7,177,82
0.2,61,8,833,627
0.2,61,9,188,125
0.2,61,10,829,769
0.2,61,11,209,168
0.2,62,0,805,551
0.2,62,1,197,92
0.2,62,2,797,667
0.2,62,3,210,122
0.2,62,4,798,766
0.2,62,5,193,143
0.2,62,6,822,505
0.2,62,7,211,99
0.2,62,8,824,636
0.2,62,9,181,116
0.2,62,10,757,681
0.2,62,11,205,166
0.2,63,0,789,519
0.2,63,1,195,86
0.2,63,2,808,651
0.2,63,3,208,128
0.2,63,4,779,755
0.2,63,5,209,149
0.2,63,6,797,480
0.2,63,7,206,101
0.2,63,8,832,625
0.2,63,9,189,121
0.2,63,10,798,731
0.2,63,11,190,153
0.2,64,0,853,566
0.2,64,1,192,57
0.2,64,2,805,644
0.2,64,3,226,121
0.2,64,4,794,764
0.2,64,5,198,150
0.2,64,6,828,511
0.2,64,7,220,115
0.2,64,8,750,570
0.2,64,9,176,103
0.2,64,10,764,688
0.2,64,11,194,161
0.2,65,0,776,527
0.2,65,1,210,95
0.2,65,2,853,698
0.2,65,3,208,127
0.2,65,4,800,781
0.2,65,5,209,155
0.2,65,6,834,532
0.2,65,7,185,98
0.2,65,8,788,586
0.2,65,9,211,136
0.2,65,10,744,671
0.2,65,11,182,142
0.2,66,0,772,520
0.2,66,1,198,81
0.2,66,2,788,640
0.2,66,3,197,108
0.2,66,4,790,764
0.2,66,5,189,137
0.2,66,6,816,500
0.2,66,7,203,102
0.2,66,8,837,643
0.2,66,9,195,133
0.2,66,10,793,707
0.2,66,11,222,173
0.2,67,0,824,550
0.2,67,1,212,86
0.2,67,2,815,675
0.2,67,3,200,114
0.2,67,4,749,728
0.2,67,5,209,152
0.2,67,6,802,516
0.2,67,7,200,95
0.2,67,8,827,632
0.2,67,9,189,106
0.2,67,10,786,709
0.2,67,11,187,141
0.2,68,0,791,528
0.2,68,1,229,101
0.2,68,2,778,631
0.2,68,3,220,129
0.2,68,4,769,749
0.2,68,5,213,162
0.2,68,6,801,492
0.2,68,7,207,98
0.2,68,8,812,603
0.2,68,9,215,139
0.2,68,10,766,693
0.2,68,11,199,160
0.2,69,0,815,547
0.2,69,1,198,88
0.2,69,2,815,694
0.2,69,3,181,116
0.2,69,4,778,755
0.2,69,5,228,157
0.2,69,6,751,462
0.2,69,7,196,91
0.2,69,8,792,602
0.2,69,9,228,149
0.2,69,10,804,733
0.2,69,11,214,160
0.2,70,0,790,541
0.2,70,1,188,77
0.2,70,2,818,665
0.2,70,3,202,110
0.2,70,4,783,760
0.2,70,5,207,159
0.2,70,6,804,455
0.2,70,7,190,88
0.2,70,8,804,598
0.2,70,9,200,127
0.2,70,10,799,734
0.2,70,11,215,171
0.2,71,0,791,500
0.2,71,1,207,87
0.2,71,2,828,677
0.2,71,3,221,123
0.2,71,4,780,762
0.2,71,5,194,131
0.2,71,6,828,524
0.2,71,7,194,91
0.2,71,8,793,596
0.2,71,9,202,113
0.2,71,10,784,719
0.2,71,11,178,154
0.2,72,0,803,544
0.2,72,1,206,96
0.2,72,2,834,676
0.2,72,3,219,128
0.2,72,4,759,743
0.2,72,5,222,169
0.2,72,6,813,518
0.2,72,7,200,104
0.2,72,8,760,566
0.2,72,9,237,156
0.2,72,10,767,689
0.2,72,11,180,139
0.2,73,0,821,535
0.2,73,1,185,82
0.2,73,2,814,673
0.2,73,3,214,129
0.2,73,4,793,767
0.2,73,5,197,150
0.2,73,6,792,473
0.2,73,7,204,89
0.2,73,8,835,623
0.2,73,9,194,119
0.2,73,10,767,699
0.2,73,11,184,138
0.2,74,0,815,538
0.2,74,1,209,84
0.2,74,2,757,637
0.2,74,3,228,142
0.2,74,4,785,754
0.2,74,5,200,151
0.2,74,6,783,450
0.2,74,7,185,100
0.2,74,8,812,626
0.2,74,9,205,126
0.2,74,10,813,744
0.2,74,11,208,171
0.2,75,0,808,556
0.2,75,1,171,78
0.2,75,2,819,650
0.2,75,3,196,122
0.2,75,4,795,771
0.2,75,5,226,160
0.2,75,6,791,471
0.2,75,7,198,94
0.2,75,8,817,624
0.2,75,9,204,127
0.2,75,10,770,704
0.2,75,11,205,147
0.2,76,0,812,557
0.2,76,1,194,83
0.2,76,2,789,657
0.2,76,3,200,111
0.2,76,4,812,787
0.2,76,5,205,153
0.2,76,6,818,512
0.2,76,7,192,107
0.2,76,8,775,586
0.2,76,9,209,129
0.2,76,10,788,716
0.2,76,11,206,162
0.2,77,0,779,529
0.2,77,1,201,80
0.2,77,2,806,659
0.2,77,3,205,112
0.2,77,4,788,760
0.2,77,5,197,146
0.2,77,6,848,517
0.2,77,7,215,97
0.2,77,8,789,587
0.2,77,9,207,128
0.2,77,10,783,702
0.2,77,11,182,138
0.2,78,0,782,517
0.2,78,1,200,70
0.2,78,2,800,663
0.2,78,3,207,111
0.2,78,4,809,784
0.2,78,5,214,159
0.2,78,6,811,487
0.2,78,7,214,96
0.2,78,8,822,626
0.2,78,9,184,122
0.2,78,10,753,687
0.2,78,11,204,159
0.2,79,0,842,574
0.2,79,1,198,72
0.2,79,2,808,669
0.2,79,3,185,114
0.2,79,4,798,769
0.2,79,5,201,147
0.2,79,6,763,463
0.2,79,7,196,88
0.2,79,8,802,595
0.2,79,9,191,132
0.2,79,10,786,707
0.2,79,11,230,174
0.2,80,0,756,513
0.2,80,1,187,71
0.2,80,2,841,681
0.2,80,3,195,110
0.2,80,4,810,787
0.2,80,5,217,162
0.2,80,6,826,519
0.2,80,7,204,93
0.2,80,8,792,612
0.2,80,9,192,122
0.2,80,10,775,715
0.2,80,11,205,171
0.2,81,0,821,566
0.2,81,1,224,99
0.2,81,2,798,682
0.2,81,3,213,122
0.2,81,4,807,774
0.2,81,5,221,159
0.2,81,6,756,452
0.2,81,7,192,94
0.2,81,8,761,587
0.2,81,9,214,132
0.2,81,10,790,720
0.2,81,11,203,167
0.2,82,0,764,512
0.2,82,1,193,77
0.2,82,2,807,666
0.2,82,3,213,135
0.2,82,4,818,798
0.2,82,5,192,143
0.2,82,6,772,486
0.2,82,7,217,115
0.2,82,8,803,607
0.2,82,9,207,131
0.2,82,10,821,746
0.2,82,11,193,159
0.2,83,0,821,552
0.2,83,1,174,74
0.2,83,2,812,652
0.2,83,3,220,125
0.2,83,4,790,763
0.2,83,5,204,155
0.2,83,6,822,502
0.2,83,7,207,96
0.2,83,8,779,604
0.2,83,9,193,111
0.2,83,10,768,694
0.2,83,11,210,170
0.2,84,0,778,513
0.2,84,1,177,61
0.2,84,2,783,633
0.2,84,3,201,118
0.2,84,4,826,797
0.2,84,5,197,134
0.2,84,6,806,516
0.2,84,7,196,93
0.2,84,8,824,612
0.2,84,9,195,117
0.2,84,10,814,733
0.2,84,11,203,163
0.2,85,0,778,539
0.2,85,1,207,106
0.2,85,2,784,629
0.2,85,3,195,112
0.2,85,4,790,766
0.2,85,5,180,133
0.2,85,6,748,457
0.2,85,7,222,112
0.2,85,8,841,643
0.2,85,9,211,133
0.2,85,10,835,763
0.2,85,11,209,160
0.2,86,0,837,546
0.2,86,1,214,86
0.2,86,2,777,631
0.2,86,3,240,138
0.2,86,4,797,774
0.2,86,5,194,151
0.2,86,6,789,487
0.2,86,7,224,107
0.2,86,8,785,602
0.2,86,9,179,101
0.2,86,10,762,693
0.2,86,11,202,162
0.2,87,0,801,533
0.2,87,1,194,79
0.2,87,2,822,677
0.2,87,3,208,132
0.2,87,4,750,736
0.2,87,5,201,145
0.2,87,6,832,490
0.2,87,7,191,100
0.2,87,8,794,602
0.2,87,9,194,119
0.2,87,10,806,741
0.2,87,11,207,161
0.2,88,0,778,512
0.2,88,1,179,70
0.2,88,2,803,662
0.2,88,3,208,121
0.2,88,4,797,775
0.2,88,5,221,153
0.2,88,6,815,500
0.2,88,7,223,105
0.2,88,8,770,602
0.2,88,9,179,120
0.2,88,10,835,761
0.2,88,11,192,154
0.2,89,0,802,541
0.2,89,1,191,73
0.2,89,2,793,647
0.2,89,3,208,125
0.2,89,4,788,770
0.2,89,5,222,158
0.2,89,6,837,483
0.2,89,7,191,95
0.2,89,8,790,596
0.2,89,9,191,136
0.2,89,10,786,717
0.2,89,11,201,161
0.2,90,0,791,536
0.2,90,1,211,83
0.2,90,2,844,695
0.2,90,3,214,110
0.2,90,4,754,737
0.2,90,5,203,151
0.2,90,6,829,529
0.2,90,7,205,98
0.2,90,8,811,605
0.2,90,9,192,124
0.2,90,10,757,668
0.2,90,11,189,150
0.2,91,0,772,506
0.2,91,1,209,85
0.2,91,2,776,639
0.2,91,3,203,118
0.2,91,4,778,754
0.2,91,5,223,163
0.2,91,6,838,508
0.2,91,7,204,94
0.2,91,8,838,608
0.2,91,9,203,137
0.2,91,10,762,700
0.2,91,11,194,155
0.2,92,0,841,594
0.2,92,1,204,84
0.2,92,2,750,617
0.2,92,3,201,106
0.2,92,4,845,806
0.2,92,5,198,142
0.2,92,6,802,501
0.2,92,7,197,91
0.2,92,8,804,608
0.2,92,9,203,138
0.2,92,10,760,691
0.2,92,11,195,151
0.2,93,0,862,547
0.2,93,1,205,93
0.2,93,2,835,675
0.2,93,3,227,126
0.2,93,4,745,720
0.2,93,5,221,163
0.2,93,6,750,443
0.2,93,7,200,88
0.2,93,8,822,616
0.2,93,9,176,118
0.2,93,10,779,704
0.2,93,11,178,140
0.2,94,0,776,496
0.2,94,1,190,88
0.2,94,2,816,676
0.2,94,3,200,126
0.2,94,4,775,745
0.2,94,5,202,138
0.2,94,6,829,503
0.2,94,7,211,104
0.2,94,8,825,626
0.2,94,9,195,121
0.2,94,10,765,688
0.2,94,11,216,161
0.2,95,0,792,530
0.2,95,1,199,75
0.2,95,2,806,658
0.2,95,3,187,105
0.2,95,4,786,763
0.2,95,5,199,152
0.2,95,6,790,505
0.2,95,7,197,107
0.2,95,8,840,630
0.2,95,9,215,137
0.2,95,10,810,740
0.2,95,11,179,147
0.2,96,0,815,546
0.2,96,1,203,96
0.2,96,2,753,595
0.2,96,3,225,130
0.2,96,4,794,773
0.2,96,5,194,133
0.2,96,6,851,516
0.2,96,7,209,101
0.2,96,8,787,605
0.2,96,9,211,133
0.2,96,10,788,715
0.2,96,11,170,130
0.2,97,0,827,569
0.2,97,1,194,89
0.2,97,2,770,614
0.2,97,3,200,114
0.2,97,4,792,757
0.2,97,5,196,144
0.2,97,6,762,461
0.2,97,7,198,90
0.2,97,8,848,639
0.2,97,9,191,118
0.2,97,10,815,730
0.2,97,11,207,156
0.2,98,0,790,541
0.2,98,1,194,80
0.2,98,2,820,683
0.2,98,3,201,107
0.2,98,4,809,793
0.2,98,5,199,138
0.2,98,6,779,496
0.2,98,7,211,101
0.2,98,8,804,614
0.2,98,9,190,127
0.2,98,10,787,715
0.2,98,11,216,174
0.2,99,0,808,541
0.2,99,1,195,88
0.2,99,2,814,661
0.2,99,3,197,115
0.2,99,4,799,774
0.2,99,5,164,120
0.2,99,6,808,502
0.2,99,7,203,83
0.2,99,8,846,652
0.2,99,9,188,111
0.2,99,10,787,716
0.2,99,11,191,155
0.2,100,0,819,526
0.2,100,1,229,96
0.2,100,2,832,700
0.2,100,3,231,139
0.2,100,4,793,769
0.2,100,5,204,154
0.2,100,6,746,455
0.2,100,7,203,107
0.2,100,8,789,592
0.2,100,9,179,118
0.2,100,10,768,704
0.2,100,11,207,166
0.2,101,0,853,599
0.2,101,1,185,92
0.2,101,2,812,669
0.2,101,3,234,121
0.2,101,4,771,750
0.2,101,5,214,166
0.2,101,6,808,489
0.2,101,7,200,94
0.2,101,8,794,598
0.2,101,9,198,127
0.2,101,10,749,681
0.2,101,11,182,137
0.2,102,0,781,515
0.2,102,1,209,90
0.2,102,2,827,650
0.2,102,3,220,130
0.2,102,4,782,754
0.2,102,5,172,122
0.2,102,6,842,508
0.2,102,7,202,102
0.2,102,8,820,622
0.2,102,9,212,134
0.2,102,10,745,678
0.2,102,11,188,149
0.2,103,0,811,534
0.2,103,1,184,79
0.2,103,2,812,662
0.2,103,3,194,113
0.2,103,4,828,802
0.2,103,5,199,140
0.2,103,6,775,471
0.2,103,7,209,106
0.2,103,8,808,631
0.2,103,9,169,107
0.2,103,10,802,736
0.2,103,11,209,162
0.2,104,0,809,535
0.2,104,1,195,86
0.2,104,2,803,659
0.2,104,3,188,113
0.2,104,4,792,769
0.2,104,5,208,148
0.2,104,6,787,468
0.2,104,7,217,102
0.2,104,8,841,609
0.2,104,9,222,149
0.2,104,10,755,680
0.2,104,11,183,143
0.2,105,0,795,525
0.2,105,1,191,83
0.2,105,2,821,676
0.2,105,3,219,127
0.2,105,4,824,803
0.2,105,5,200,146
0.2,105,6,787,489
0.2,105,7,196,102
0.2,105,8,793,609
0.2,105,9,199,120
0.2,105,10,786,733
0.2,105,11,189,152
0.2,106,0,784,522
0.2,106,1,242,117
0.2,106,2,810,672
0.2,106,3,210,121
0.2,106,4,833,795
0.2,106,5,235,184
0.2,106,6,786,495
0.2,106,7,181,89
0.2,106,8,768,598
0.2,106,9,187,126
0.2,106,10,757,680
0.2,106,11,207,160
0.2,107,0,823,535
0.2,107,1,201,86
0.2,107,2,828,684
0.2,107,3,189,107
0.2,107,4,762,741
0.2,107,5,203,140
0.2,107,6,796,499
0.2,107,7,202,100
0.2,107,8,763,573
0.2,107,9,194,119
0.2,107,10,817,744
0.2,107,11,222,170
0.2,108,0,812,549
0.2,108,1,195,72
0.2,108,2,813,659
0.2,108,3,196,107
0.2,108,4,797,777
0.2,108,5,206,153
0.2,108,6,817,533
0.2,108,7,204,99
0.2,108,8,790,580
0.2,108,9,183,123
0.2,108,10,807,721
0.2,108,11,180,147
0.2,109,0,796,546
0.2,109,1,195,89
0.2,109,2,835,676
0.2,109,3,191,111
0.2,109,4,784,767
0.2,109,5,230,177
0.2,109,6,827,502
0.2,109,7,235,103
0.2,109,8,762,583
0.2,109,9,208,137
0.2,109,10,732,667
0.2,109,11,205,157
0.2,110,0,826,552
0.2,110,1,186,85
0.2,110,2,766,642
0.2,110,3,194,110
0.2,110,4,829,806
0.2,110,5,185,136
0.2,110,6,805,519
0.2,110,7,200,98
0.2,110,8,830,637
0.2,110,9,194,111
0.2,110,10,788,717
0.2,110,11,197,161
0.2,111,0,802,531
0.2,111,1,203,87
0.2,111,2,769,614
0.2,111,3,206,116
0.2,111,4,791,774
0.2,111,5,194,139
0.2,111,6,790,480
0.2,111,7,201,103
0.2,111,8,780,590
0.2,111,9,224,133
0.2,111,10,817,741
0.2,111,11,223,175
0.2,112,0,764,505
0.2,112,1,205,93
0.2,112,2,784,638
0.2,112,3,211,125
0.2,112,4,792,770
0.2,112,5,183,140
0.2,112,6,875,526
0.2,112,7,185,96
0.2,112,8,848,629
0.2,112,9,189,109
0.2,112,10,780,713
0.2,112,11,184,143
0.2,113,0,797,528
0.2,113,1,190,86
0.2,113,2,783,645
0.2,113,3,217,130
0.2,113,4,769,742
0.2,113,5,206,145
0.2,113,6,823,493
0.2,113,7,194,94
0.2,113,8,780,586
0.2,113,9,220,140
0.2,113,10,791,708
0.2,113,11,230,179
0.2,114,0,752,502
0.2,114,1,201,98
0.2,114,2,818,684
0.2,114,3,206,124
0.2,114,4,832,816
0.2,114,5,205,150
0.2,114,6,826,501
0.2,114,7,183,85
0.2,114,8,789,607
0.2,114,9,197,121
0.2,114,10,780,705
0.2,114,11,211,163
0.2,115,0,820,534
0.2,115,1,200,79
0.2,115,2,790,665
0.2,115,3,214,125
0.2,115,4,788,769
0.2,115,5,200,148
0.2,115,6,822,498
0.2,115,7,196,93
0.2,115,8,789,583
0.2,115,9,195,126
0.2,115,10,769,693
0.2,115,11,217,182
0.2,116,0,766,503
0.2,116,1,206,75
0.2,116,2,797,662
0.2,116,3,201,114
0.2,116,4,820,794
0.2,116,5,194,150
0.2,116,6,749,440
0.2,116,7,227,93
0.2,116,8,791,609
0.2,116,9,212,144
0.2,116,10,838,750
0.2,116,11,199,153
0.2,117,0,821,567
0.2,117,1,214,83
0.2,117,2,816,656
0.2,117,3,184,104
0.2,117,4,777,758
0.2,117,5,215,146
0.2,117,6,750,469
0.2,117,7,183,88
0.2,117,8,842,643
0.2,117,9,222,141
0.2,117,10,788,717
0.2,117,11,188,156
0.2,118,0,809,538
0.2,118,1,220,90
0.2,118,2,796,657
0.2,118,3,193,113
0.2,118,4,760,732
0.2,118,5,184,138
0.2,118,6,813,484
0.2,118,7,207,91
0.2,118,8,854,637
0.2,118,9,212,139
0.2,118,10,745,672
0.2,118,11,207,172
0.2,119,0,743,523
0.2,119,1,210,104
0.2,119,2,772,633
0.2,119,3,226,142
0.2,119,4,800,768
0.2,119,5,186,138
0.2,119,6,797,467
0.2,119,7,221,109
0.2,119,8,818,635
0.2,119,9,190,126
0.2,119,10,812,742
0.2,119,11,225,183
0.2,120,0,811,533
0.2,120,1,193,69
0.2,120,2,812,683
0.2,120,3,212,119
0.2,120,4,851,831
0.2,120,5,184,124
0.2,120,6,797,474
0.2,120,7,208,100
0.2,120,8,801,606
0.2,120,9,172,106
0.2,120,10,766,701
0.2,120,11,193,155
0.2,121,0,831,548
0.2,121,1,207,87
0.2,121,2,796,669
0.2,121,3,206,109
0.2,121,4,806,778
0.2,121,5,206,156
0.2,121,6,737,444
0.2,121,7,225,112
0.2,121,8,823,627
0.2,121,9,200,133
0.2,121,10,768,710
0.2,121,11,195,158
0.2,122,0,798,546
0.2,122,1,210,80
0.2,122,2,771,620
0.2,122,3,186,104
0.2,122,4,846,822
0.2,122,5,212,151
0.2,122,6,783,463
0.2,122,7,201,88
0.2,122,8,810,585
0.2,122,9,188,120
0.2,122,10,805,740
0.2,122,11,190,155
0.2,123,0,848,568
0.2,123,1,202,73
0.2,123,2,762,645
0.2,123,3,164,100
0.2,123,4,830,802
0.2,123,5,208,154
0.2,123,6,838,498
0.2,123,7,199,110
0.2,123,8,786,582
0.2,123,9,198,122
0.2,123,10,765,689
0.2,123,11,200,162
0.2,124,0,779,525
0.2,124,1,229,89
0.2,124,2,797,650
0.2,124,3,191,106
0.2,124,4,815,789
0.2,124,5,208,149
0.2,124,6,819,490
0.2,124,7,197,91
0.2,124,8,830,617
0.2,124,9,198,118
0.2,124,10,747,660
0.2,124,11,190,147
0.2,125,0,810,527
0.2,125,1,210,95
0.2,125,2,762,619
0.2,125,3,210,127
0.2,125,4,807,787
0.2,125,5,189,131
0.2,125,6,820,515
0.2,125,7,210,94
0.2,125,8,800,600
0.2,125,9,205,143
0.2,125,10,792,704
0.2,125,11,185,151
0.2,126,0,750,509
0.2,126,1,178,82
0.2,126,2,815,664
0.2,126,3,221,137
0.2,126,4,783,747
0.2,126,5,195,143
0.2,126,6,813,510
0.2,126,7,190,99
0.2,126,8,820,609
0.2,126,9,194,130
0.2,126,10,834,764
0.2,126,11,207,159
0.2,127,0,793,527
0.2,127,1,188,95
0.2,127,2,795,645
0.2,127,3,228,126
0.2,127,4,816,794
0.2,127,5,161,120
0.2,127,6,746,464
0.2,127,7,211,101
0.2,127,8,843,645
0.2,127,9,196,131
0.2,127,10,830,754
0.2,127,11,193,154
0.2,128,0,824,547
0.2,128,1,206,78
0.2,128,2,770,614
0.2,128,3,173,97
0.2,128,4,821,801
0.2,128,5,217,163
0.2,128,6,792,504
0.2,128,7,211,94
0.2,128,8,783,617
0.2,128,9,210,130
0.2,128,10,779,710
0.2,128,11,214,164
0.2,129,0,816,532
0.2,129,1,224,101
0.2,129,2,833,676
0.2,129,3,179,103
0.2,129,4,760,733
0.2,129,5,171,124
0.2,129,6,785,456
0.2,129,7,192,93
0.2,129,8,813,630
0.2,129,9,228,146
0.2,129,10,821,754
0.2,129,11,178,140
0.2,130,0,830,552
0.2,130,1,200,78
0.2,130,2,760,636
0.2,130,3,187,106
0.2,130,4,856,831
0.2,130,5,195,150
0.2,130,6,832,517
0.2,130,7,205,96
0.2,130,8,757,576
0.2,130,9,199,133
0.2,130,10,773,705
0.2,130,11,206,159
0.2,131,0,816,539
0.2,131,1,217,81
0.2,131,2,748,622
0.2,131,3,222,123
0.2,131,4,799,772
0.2,131,5,190,152
0.2,131,6,841,498
0.2,131,7,206,104
0.2,131,8,799,587
0.2,131,9,203,139
0.2,131,10,778,704
0.2,131,11,181,148
0.2,132,0,768,508
0.2,132,1,212,102
0.2,132,2,793,645
0.2,132,3,237,132
0.2,132,4,850,822
0.2,132,5,179,131
0.2,132,6,820,529
0.2,132,7,191,88
0.2,132,8,758,564
0.2,132,9,211,146
0.2,132,10,781,714
0.2,132,11,200,158
0.2,133,0,862,597
0.2,133,1,197,82
0.2,133,2,821,680
0.2,133,3,204,116
0.2,133,4,766,747
0.2,133,5,192,135
0.2,133,6,768,453
0.2,133,7,187,92
0.2,133,8,802,601
0.2,133,9,205,137
0.2,133,10,813,736
0.2,133,11,183,138
0.2,134,0,799,566
0.2,134,1,192,90
0.2,134,2,798,659
0.2,134,3,215,120
0.2,134,4,785,762
0.2,134,5,198,150
0.2,134,6,801,482
0.2,134,7,187,91
0.2,134,8,823,637
0.2,134,9,214,131
0.2,134,10,788,718
0.2,134,11,200,162
0.2,135,0,826,548
0.2,135,1,203,96
0.2,135,2,813,649
0.2,135,3,216,116
0.2,135,4,750,726
0.2,135,5,199,149
0.2,135,6,853,520
0.2,135,7,186,92
0.2,135,8,797,622
0.2,135,9,186,121
0.2,135,10,775,713
0.2,135,11,196,164
0.2,136,0,806,523
0.2,136,1,194,87
0.2,136,2,853,698
0.2,136,3,183,114
0.2,136,4,823,798
0.2,136,5,189,136
0.2,136,6,797,504
0.2,136,7,185,93
0.2,136,8,821,658
0.2,136,9,215,139
0.2,136,10,760,691
0.2,136,11,174,136
0.2,137,0,813,544
0.2,137,1,200,83
0.2,137,2,807,668
0.2,137,3,213,122
0.2,137,4,773,763
0.2,137,5,209,149
0.2,137,6,777,476
0.2,137,7,195,92
0.2,137,8,835,623
0.2,137,9,199,129
0.2,137,10,793,720
0.2,137,11,186,151
0.2,138,0,801,561
0.2,138,1,198,72
0.2,138,2,815,664
0.2,138,3,177,98
0.2,138,4,774,751
0.2,138,5,210,170
0.2,138,6,803,490
0.2,138,7,219,109
0.2,138,8,783,588
0.2,138,9,195,138
0.2,138,10,831,764
0.2,138,11,194,151
0.2,139,0,800,541
0.2,139,1,204,110
0.2,139,2,716,593
0.2,139,3,203,120
0.2,139,4,773,744
0.2,139,5,206,160
0.2,139,6,822,503
0.2,139,7,198,99
0.2,139,8,796,611
0.2,139,9,200,114
0.2,139,10,868,803
0.2,139,11,214,176
0.2,140,0,817,554
0.2,140,1,188,79
0.2,140,2,814,679
0.2,140,3,212,136
0.2,140,4,756,734
0.2,140,5,186,123
0.2,140,6,788,488
0.2,140,7,223,104
0.2,140,8,805,605
0.2,140,9,207,132
0.2,140,10,789,714
0.2,140,11,215,171
0.2,141,0,790,548
0.2,141,1,207,89
0.2,141,2,813,681
0.2,141,3,201,111
0.2,141,4,755,737
0.2,141,5,185,136
0.2,141,6,845,520
0.2,141,7,206,102
0.2,141,8,858,654
0.2,141,9,183,122
0.2,141,10,762,693
0.2,141,11,195,162
0.2,142,0,796,543
0.2,142,1,203,96
0.2,142,2,802,650
0.2,142,3,201,113
0.2,142,4,783,756
0.2,142,5,195,142
0.2,142,6,807,506
0.2,142,7,193,93
0.2,142,8,773,599
0.2,142,9,180,114
0.2,142,10,840,763
0.2,142,11,227,168
0.2,143,0,779,534
0.2,143,1,204,87
0.2,143,2,808,660
0.2,143,3,213,116
0.2,143,4,825,799
0.2,143,5,192,140
0.2,143,6,779,459
0.2,143,7,178,79
0.2,143,8,822,632
0.2,143,9,211,138
0.2,143,10,796,727
0.2,143,11,193,151
0.2,144,0,782,516
0.2,144,1,210,92
0.2,144,2,819,662
0.2,144,3,172,105
0.2,144,4,831,798
0.2,144,5,193,145
0.2,144,6,806,471
0.2,144,7,203,101
0.2,144,8,796,609
0.2,144,9,190,124
0.2,144,10,802,723
0.2,144,11,196,150
0.2,145,0,830,564
0.2,145,1,216,87
0.2,145,2,815,669
0.2,145,3,188,110
0.2,145,4,762,745
0.2,145,5,200,137
0.2,145,6,785,460
0.2,145,7,187,96
0.2,145,8,838,638
0.2,145,9,179,121
0.2,145,10,816,740
0.2,145,11,184,144
0.2,146,0,786,548
0.2,146,1,209,85
0.2,146,2,834,689
0.2,146,3,184,111
0.2,146,4,799,771
0.2,146,5,166,116
0.2,146,6,790,493
0.2,146,7,211,103
0.2,146,8,820,599
0.2,146,9,194,128
0.2,146,10,800,723
0.2,146,11,207,161
0.2,147,0,857,594
0.2,147,1,173,74
0.2,147,2,770,633
0.2,147,3,186,102
0.2,147,4,828,806
0.2,147,5,219,159
0.2,147,6,791,505
0.2,147,7,175,91
0.2,147,8,762,595
0.2,147,9,185,125
0.2,147,10,859,782
0.2,147,11,195,154
0.2,148,0,818,528
0.2,148,1,191,77
0.2,148,2,812,649
0.2,148,3,207,126
0.2,148,4,786,756
0.2,148,5,193,149
0.2,148,6,861,525
0.2,148,7,204,99
0.2,148,8,767,592
0.2,148,9,198,120
0.2,148,10,775,717
0.2,148,11,188,143
0.2,149,0,792,548
0.2,149,1,190,70
0.2,149,2,826,678
0.2,149,3,194,117
0.2,149,4,825,804
0.2,149,5,212,149
0.2,149,6,736,454
0.2,149,7,201,99
0.2,149,8,847,642
0.2,149,9,188,112
0.2,149,10,789,707
0.2,149,11,200,156
0.2,150,0,751,504
0.2,150,1,210,79
0.2,150,2,812,692
0.2,150,3,210,127
0.2,150,4,789,767
0.2,150,5,206,155
0.2,150,6,860,538
0.2,150,7,213,102
0.2,150,8,782,589
0.2,150,9,181,107
0.2,150,10,786,717
0.2,150,11,200,156
0.2,151,0,817,525
0.2,151,1,206,81
0.2,151,2,749,598
0.2,151,3,207,125
0.2,151,4,758,735
0.2,151,5,217,162
0.2,151,6,775,443
0.2,151,7,181,89
0.2,151,8,847,656
0.2,151,9,203,136
0.2,151,10,827,755
0.2,151,11,213,160
0.2,152,0,802,551
0.2,152,1,187,88
0.2,152,2,799,646
0.2,152,3,225,123
0.2,152,4,787,765
0.2,152,5,192,144
0.2,152,6,750,443
0.2,152,7,200,108
0.2,152,8,821,629
0.2,152,9,208,133
0.2,152,10,813,740
0.2,152,11,216,174
0.2,153,0,849,569
0.2,153,1,181,71
0.2,153,2,773,625
0.2,153,3,200,106
0.2,153,4,839,821
0.2,153,5,234,169
0.2,153,6,743,441
0.2,153,7,192,96
0.2,153,8,815,612
0.2,153,9,215,119
0.2,153,10,754,689
0.2,153,11,205,161
0.2,154,0,808,580
0.2,154,1,202,80
0.2,154,2,833,681
0.2,154,3,196,121
0.2,154,4,822,799
0.2,154,5,187,140
0.2,154,6,797,479
0.2,154,7,173,91
0.2,154,8,758,589
0.2,154,9,228,140
0.2,154,10,792,726
0.2,154,11,204,157
0.2,155,0,779,514
0.2,155,1,198,83
0.2,155,2,783,636
0.2,155,3,187,103
0.2,155,4,819,788
0.2,155,5,199,140
0.2,155,6,806,481
0.2,155,7,213,102
0.2,155,8,785,601
0.2,155,9,188,132
0.2,155,10,827,742
0.2,155,11,216,185
0.2,156,0,810,534
0.2,156,1,201,81
0.2,156,2,777,640
0.2,156,3,172,103
0.2,156,4,819,795
0.2,156,5,184,142
0.2,156,6,789,472
0.2,156,7,209,112
0.2,156,8,789,601
0.2,156,9,200,120
0.2,156,10,849,781
0.2,156,11,201,159
0.2,157,0,774,513
0.2,157,1,212,107
0.2,157,2,778,655
0.2,157,3,183,109
0.2,157,4,823,799
0.2,157,5,208,156
0.2,157,6,791,507
0.2,157,7,179,97
0.2,157,8,804,619
0.2,157,9,219,147
0.2,157,10,830,765
0.2,157,11,199,159
0.2,158,0,813,534
0.2,158,1,188,81
0.2,158,2,765,621
0.2,158,3,220,132
0.2,158,4,836,816
0.2,158,5,195,145
0.2,158,6,773,480
0.2,158,7,201,113
0.2,158,8,788,597
0.2,158,9,217,133
0.2,158,10,796,712
0.2,158,11,208,160
0.2,159,0,790,529
0.2,159,1,207,86
0.2,159,2,866,706
0.2,159,3,195,118
0.2,159,4,791,774
0.2,159,5,191,141
0.2,159,6,793,486
0.2,159,7,186,89
0.2,159,8,796,598
0.2,159,9,207,127
0.2,159,10,796,735
0.2,159,11,182,142
0.2,160,0,810,562
0.2,160,1,197,83
0.2,160,2,826,667
0.2,160,3,212,126
0.2,160,4,801,775
0.2,160,5,210,165
0.2,160,6,778,452
0.2,160,7,207,113
0.2,160,8,850,655
0.2,160,9,195,124
0.2,160,10,730,658
0.2,160,11,184,151
0.2,161,0,796,533
0.2,161,1,203,88
0.2,161,2,835,693
0.2,161,3,202,123
0.2,161,4,798,774
0.2,161,5,168,126
0.2,161,6,794,476
0.2,161,7,194,99
0.2,161,8,813,630
0.2,161,9,201,115
0.2,161,10,797,722
0.2,161,11,199,155
0.2,162,0,793,522
0.2,162,1,184,82
0.2,162,2,810,672
0.2,162,3,210,126
0.2,162,4,774,749
0.2,162,5,183,126
0.2,162,6,795,472
0.2,162,7,214,113
0.2,162,8,826,608
0.2,162,9,201,133
0.2,162,10,815,736
0.2,162,11,195,144
0.2,163,0,789,515
0.2,163,1,203,73
0.2,163,2,793,638
0.2,163,3,213,122
0.2,163,4,791,770
0.2,163,5,209,154
0.2,163,6,803,488
0.2,163,7,185,86
0.2,163,8,815,621
0.2,163,9,185,123
0.2,163,10,775,709
0.2,163,11,239,201
0.2,164,0,786,536
0.2,164,1,211,97
0.2,164,2,761,619
0.2,164,3,224,132
0.2,164,4,807,786
0.2,164,5,184,138
0.2,164,6,764,455
0.2,164,7,199,91
0.2,164,8,825,639
0.2,164,9,212,120
0.2,164,10,830,755
0.2,164,11,197,158
0.2,165,0,804,528
0.2,165,1,214,82
0.2,165,2,754,621
0.2,165,3,218,124
0.2,165,4,801,782
0.2,165,5,190,142
0.2,165,6,842,519
0.2,165,7,179,77
0.2,165,8,809,619
0.2,165,9,215,137
0.2,165,10,787,705
0.2,165,11,187,137
0.2,166,0,844,557
0.2,166,1,186,88
0.2,166,2,846,696
0.2,166,3,210,121
0.2,166,4,759,736
0.2,166,5,186,130
0.2,166,6,789,487
0.2,166,7,186,93
0.2,166,8,814,622
0.2,166,9,190,123
0.2,166,10,799,723
0.2,166,11,191,147
0.2,167,0,774,535
0.2,167,1,221,88
0.2,167,2,783,647
0.2,167,3,196,110
0.2,167,4,845,816
0.2,167,5,187,131
0.2,167,6,830,510
0.2,167,7,211,102
0.2,167,8,799,605
0.2,167,9,195,137
0.2,167,10,752,673
0.2,167,11,207,162
0.2,168,0,818,529
0.2,168,1,215,91
0.2,168,2,775,621
0.2,168,3,192,112
0.2,168,4,796,775
0.2,168,5,207,166
0.2,168,6,754,460
0.2,168,7,184,85
0.2,168,8,805,612
0.2,168,9,210,129
0.2,168,10,847,761
0.2,168,11,197,167
0.2,169,0,795,540
0.2,169,1,201,81
0.2,169,2,804,649
0.2,169,3,186,104
0.2,169,4,839,809
0.2,169,5,209,156
0.2,169,6,774,468
0.2,169,7,194,99
0.2,169,8,822,636
0.2,169,9,188,133
0.2,169,10,793,712
0.2,169,11,195,156
0.2,170,0,762,522
0.2,170,1,201,93
0.2,170,2,819,651
0.2,170,3,194,113
0.2,170,4,836,816
0.2,170,5,213,161
0.2,170,6,762,469
0.2,170,7,190,93
0.2,170,8,802,605
0.2,170,9,221,143
0.2,170,10,795,727
0.2,170,11,205,161
0.2,171,0,767,526
0.2,171,1,217,93
0.2,171,2,808,670
0.2,171,3,222,123
0.2,171,4,772,750
0.2,171,5,214,163
0.2,171,6,770,447
0.2,171,7,228,116
0.2,171,8,795,598
0.2,171,9,220,141
0.2,171,10,786,737
0.2,171,11,201,156
0.2,172,0,763,497
0.2,172,1,218,101
0.2,172,2,819,675
0.2,172,3,203,116
0.2,172,4,767,740
0.2,172,5,192,144
0.2,172,6,760,453
0.2,172,7,205,99
0.2,172,8,800,630
0.2,172,9,215,138
0.2,172,10,863,790
0.2,172,11,195,152
0.2,173,0,778,549
0.2,173,1,199,87
0.2,173,2,794,654
0.2,173,3,204,115
0.2,173,4,830,807
0.2,173,5,200,152
0.2,173,6,836,521
0.2,173,7,198,101
0.2,173,8,777,584
0.2,173,9,202,137
0.2,173,10,800,747
0.2,173,11,182,136
0.2,174,0,843,559
0.2,174,1,189,80
0.2,174,2,748,608
0.2,174,3,189,109
0.2,174,4,794,777
0.2,174,5,207,147
0.2,174,6,780,504
0.2,174,7,184,93
0.2,174,8,811,614
0.2,174,9,186,117
0.2,174,10,822,737
0.2,174,11,247,182
0.2,175,0,814,543
0.2,175,1,201,88
0.2,175,2,789,633
0.2,175,3,205,125
0.2,175,4,799,776
0.2,175,5,173,129
0.2,175,6,851,526
0.2,175,7,184,92
0.2,175,8,768,559
0.2,175,9,208,124
0.2,175,10,805,722
0.2,175,11,203,160
0.2,176,0,837,556
0.2,176,1,172,78
0.2,176,2,794,655
0.2,176,3,208,125
0.2,176,4,777,757
0.2,176,5,198,146
0.2,176,6,810,486
0.2,176,7,226,117
0.2,176,8,820,630
0.2,176,9,212,124
0.2,176,10,734,659
0.2,176,11,212,171
0.2,177,0,820,549
0.2,177,1,209,100
0.2,177,2,791,652
0.2,177,3,189,117
0.2,177,4,777,759
0.2,177,5,196,146
0.2,177,6,864,546
0.2,177,7,193,99
0.2,177,8,823,644
0.2,177,9,185,114
0.2,177,10,758,701
0.2,177,11,195,151
0.2,178,0,767,511
0.2,178,1,181,78
0.2,178,2,797,653
0.2,178,3,201,110
0.2,178,4,779,758
0.2,178,5,209,148
0.2,178,6,795,494
0.2,178,7,202,103
0.2,178,8,849,648
0.2,178,9,208,129
0.2,178,10,807,736
0.2,178,11,205,158
0.2,179,0,755,492
0.2,179,1,191,86
0.2,179,2,786,678
0.2,179,3,221,138
0.2,179,4,836,816
0.2,179,5,171,127
0.2,179,6,770,464
0.2,179,7,220,116
0.2,179,8,780,582
0.2,179,9,196,129
0.2,179,10,872,803
0.2,179,11,202,157
0.2,180,0,807,542
0.2,180,1,216,94
0.2,180,2,781,647
0.2,180,3,187,102
0.2,180,4,815,796
0.2,180,5,215,157
0.2,180,6,782,469
0.2,180,7,210,104
0.2,180,8,785,583
0.2,180,9,205,119
0.2,180,10,796,727
0.2,180,11,201,166
0.2,181,0,779,498
0.2,181,1,203,90
0.2,181,2,828,664
0.2,181,3,205,124
0.2,181,4,790,761
0.2,181,5,194,136
0.2,181,6,777,481
0.2,181,7,203,112
0.2,181,8,817,634
0.2,181,9,209,137
0.2,181,10,799,721
0.2,181,11,196,169
0.2,182,0,795,516
0.2,182,1,212,106
0.2,182,2,780,642
0.2,182,3,217,128
0.2,182,4,797,760
0.2,182,5,196,152
0.2,182,6,859,533
0.2,182,7,204,103
0.2,182,8,780,593
0.2,182,9,210,126
0.2,182,10,769,703
0.2,182,11,181,139
0.2,183,0,745,504
0.2,183,1,186,87
0.2,183,2,824,665
0.2,183,3,202,127
0.2,183,4,849,815
0.2,183,5,173,127
0.2,183,6,831,492
0.2,183,7,200,90
0.2,183,8,813,619
0.2,183,9,168,107
0.2,183,10,794,727
0.2,183,11,215,164
0.2,184,0,770,558
0.2,184,1,206,85
0.2,184,2,812,658
0.2,184,3,191,103
0.2,184,4,819,792
0.2,184,5,195,139
0.2,184,6,794,500
0.2,184,7,191,102
0.2,184,8,791,616
0.2,184,9,208,132
0.2,184,10,824,761
0.2,184,11,199,156
0.2,185,0,788,536
0.2,185,1,205,84
0.2,185,2,815,674
0.2,185,3,192,129
0.2,185,4,839,817
0.2,185,5,203,156
0.2,185,6,818,515
0.2,185,7,218,93
0.2,185,8,788,604
0.2,185,9,169,96
0.2,185,10,783,715
0.2,185,11,182,139
0.2,186,0,807,523
0.2,186,1,199,68
0.2,186,2,791,651
0.2,186,3,197,107
0.2,186,4,795,761
0.2,186,5,181,135
0.2,186,6,789,476
0.2,186,7,193,91
0.2,186,8,827,624
0.2,186,9,198,128
0.2,186,10,822,756
0.2,186,11,201,161
0.2,187,0,800,551
0.2,187,1,213,93
0.2,187,2,808,675
0.2,187,3,183,100
0.2,187,4,832,807
0.2,187,5,171,127
0.2,187,6,775,458
0.2,187,7,205,98
0.2,187,8,815,633
0.2,187,9,210,142
0.2,187,10,794,713
0.2,187,11,194,151
0.2,188,0,769,509
0.2,188,1,212,90
0.2,188,2,752,610
0.2,188,3,186,99
0.2,188,4,832,810
0.2,188,5,213,158
0.2,188,6,803,473
0.2,188,7,181,84
0.2,188,8,836,642
0.2,188,9,195,109
0.2,188,10,814,735
0.2,188,11,207,164
0.2,189,0,829,557
0.2,189,1,196,78
0.2,189,2,805,659
0.2,189,3,204,109
0.2,189,4,790,772
0.2,189,5,223,159
0.2,189,6,819,508
0.2,189,7,195,109
0.2,189,8,769,617
0.2,189,9,217,142
0.2,189,10,782,724
0.2,189,11,171,130
0.2,190,0,835,554
0.2,190,1,227,98
0.2,190,2,786,664
0.2,190,3,219,126
0.2,190,4,755,729
0.2,190,5,199,141
0.2,190,6,824,484
0.2,190,7,187,100
0.2,190,8,815,616
0.2,190,9,186,122
0.2,190,10,788,725
0.2,190,11,179,144
0.2,191,0,857,557
0.2,191,1,191,83
0.2,191,2,799,660
0.2,191,3,189,99
0.2,191,4,773,751
0.2,191,5,202,144
0.2,191,6,790,478
0.2,191,7,207,95
0.2,191,8,836,629
0.2,191,9,194,120
0.2,191,10,780,710
0.2,191,11,182,144
0.2,192,0,817,559
0.2,192,1,197,89
0.2,192,2,739,607
0.2,192,3,196,114
0.2,192,4,805,777
0.2,192,5,222,160
0.2,192,6,827,504
0.2,192,7,178,89
0.2,192,8,809,603
0.2,192,9,210,128
0.2,192,10,783,706
0.2,192,11,217,175
0.2,193,0,824,551
0.2,193,1,187,73
0.2,193,2,774,633
0.2,193,3,207,120
0.2,193,4,803,778
0.2,193,5,191,129
0.2,193,6,802,499
0.2,193,7,224,111
0.2,193,8,758,566
0.2,193,9,211,138
0.2,193,10,817,750
0.2,193,11,202,159
0.2,194,0,794,529
0.2,194,1,194,82
0.2,194,2,808,647
0.2,194,3,197,114
0.2,194,4,778,754
0.2,194,5,199,148
0.2,194,6,850,508
0.2,194,7,196,105
0.2,194,8,781,576
0.2,194,9,215,141
0.2,194,10,816,742
0.2,194,11,172,140
0.2,195,0,798,558
0.2,195,1,221,93
0.2,195,2,775,639
0.2,195,3,207,121
0.2,195,4,826,801
0.2,195,5,207,160
0.2,195,6,767,480
0.2,195,7,202,94
0.2,195,8,849,664
0.2,195,9,195,127
0.2,195,10,764,694
0.2,195,11,189,159
0.2,196,0,824,549
0.2,196,1,203,84
0.2,196,2,781,635
0.2,196,3,178,106
0.2,196,4,813,783
0.2,196,5,205,140
0.2,196,6,765,467
0.2,196,7,201,106
0.2,196,8,838,633
0.2,196,9,202,136
0.2,196,10,776,700
0.2,196,11,214,172
0.2,197,0,785,549
0.2,197,1,190,79
0.2,197,2,798,663
0.2,197,3,215,120
0.2,197,4,793,761
0.2,197,5,205,152
0.2,197,6,817,494
0.2,197,7,198,95
0.2,197,8,806,626
0.2,197,9,200,125
0.2,197,10,783,720
0.2,197,11,210,169
0.2,198,0,785,536
0.2,198,1,189,79
0.2,198,2,829,676
0.2,198,3,186,110
0.2,198,4,832,804
0.2,198,5,215,159
0.2,198,6,815,496
0.2,198,7,192,94
0.2,198,8,784,590
0.2,198,9,190,110
0.2,198,10,786,727
0.2,198,11,197,152
0.2,199,0,818,530
0.2,199,1,199,74
0.2,199,2,785,650
0.2,199,3,208,122
0.2,199,4,808,786
0.2,199,5,224,154
0.2,199,6,752,455
0.2,199,7,210,91
0.2,199,8,854,657
0.2,199,9,188,119
0.2,199,10,776,722
0.2,199,11,178,138
0.05,0,0,986,666
0.05,0,1,50,27
0.05,0,2,949,778
0.05,0,3,59,36
0.05,0,4,950,920
0.05,0,5,54,41
0.05,0,6,948,588
0.05,0,7,51,22
0.05,0,8,924,680
0.05,0,9,45,26
0.05,0,10,941,850
0.05,0,11,43,31
0.05,1,0,936,634
0.05,1,1,44,25
0.05,1,2,953,788
0.05,1,3,36,23
0.05,1,4,998,973
0.05,1,5,56,34
0.05,1,6,926,546
0.05,1,7,53,27
0.05,1,8,939,690
0.05,1,9,52,33
0.05,1,10,951,853
0.05,1,11,56,43
0.05,2,0,954,639
0.05,2,1,59,21
0.05,2,2,953,783
0.05,2,3,53,26
0.05,2,4,930,900
0.05,2,5,46,30
0.05,2,6,947,562
0.05,2,7,54,27
0.05,2,8,968,734
0.05,2,9,52,34
0.05,2,10,937,871
0.05,2,11,47,34
0.05,3,0,943,634
0.05,3,1,59,18
0.05,3,2,932,773
0.05,3,3,42,29
0.05,3,4,905,876
0.05,3,5,55,35
0.05,3,6,970,602
0.05,3,7,51,23
0.05,3,8,1002,775
0.05,3,9,39,24
0.05,3,10,948,862
0.05,3,11,54,39
0.05,4,0,1006,690
0.05,4,1,58,25
0.05,4,2,957,793
0.05,4,3,51,27
0.05,4,4,1001,970
0.05,4,5,58,44
0.05,4,6,889,541
0.05,4,7,50,31
0.05,4,8,926,686
0.05,4,9,53,32
0.05,4,10,891,823
0.05,4,11,60,47
0.05,5,0,934,617
0.05,5,1,44,16
0.05,5,2,936,774
0.05,5,3,59,36
0.05,5,4,904,882
0.05,5,5,51,36
0.05,5,6,976,599
0.05,5,7,53,23
0.05,5,8,994,764
0.05,5,9,45,29
0.05,5,10,950,854
0.05,5,11,54,49
0.05,6,0,973,662
0.05,6,1,54,19
0.05,6,2,1008,812
0.05,6,3,50,30
0.05,6,4,975,945
0.05,6,5,40,31
0.05,6,6,868,538
0.05,6,7,37,18
0.05,6,8,941,718
0.05,6,9,36,25
0.05,6,10,969,902
0.05,6,11,49,40
0.05,7,0,948,640
0.05,7,1,58,27
0.05,7,2,923,758
0.05,7,3,42,33
0.05,7,4,938,905
0.05,7,5,54,43
0.05,7,6,957,599
0.05,7,7,54,27
0.05,7,8,999,768
0.05,7,9,43,27
0.05,7,10,942,857
0.05,7,11,42,34
0.05,8,0,919,620
0.05,8,1,49,20
0.05,8,2,974,799
0.05,8,3,40,24
0.05,8,4,936,907
0.05,8,5,53,41
0.05,8,6,962,591
0.05,8,7,60,24
0.05,8,8,942,713
0.05,8,9,70,43
0.05,8,10,940,842
0.05,8,11,55,38
0.05,9,0,968,651
0.05,9,1,38,14
0.05,9,2,926,761
0.05,9,3,42,19
0.05,9,4,910,888
0.05,9,5,51,40
0.05,9,6,952,583
0.05,9,7,49,27
0.05,9,8,1028,803
0.05,9,9,71,43
0.05,9,10,914,826
0.05,9,11,51,40
0.05,10,0,870,588
0.05,10,1,60,22
0.05,10,2,996,827
0.05,10,3,50,28
0.05,10,4,950,925
0.05,10,5,39,31
0.05,10,6,932,570
0.05,10,7,44,21
0.05,10,8,952,730
0.05,10,9,49,32
0.05,10,10,1006,928
0.05,10,11,52,40
0.05,11,0,931,626
0.05,11,1,49,19
0.05,11,2,911,752
0.05,11,3,50,31
0.05,11,4,901,881
0.05,11,5,55,36
0.05,11,6,1016,605
0.05,11,7,45,24
0.05,11,8,990,769
0.05,11,9,60,41
0.05,11,10,947,864
0.05,11,11,45,37
0.05,12,0,915,610
0.05,12,1,53,22
0.05,12,2,971,807
0.05,12,3,52,29
0.05,12,4,922,890
0.05,12,5,50,39
0.05,12,6,969,608
0.05,12,7,54,19
0.05,12,8,956,714
0.05,12,9,61,41
0.05,12,10,956,877
0.05,12,11,41,29
0.05,13,0,937,583
0.05,13,1,42,16
0.05,13,2,1003,819
0.05,13,3,60,34
0.05,13,4,917,889
0.05,13,5,46,38
0.05,13,6,940,600
0.05,13,7,44,23
0.05,13,8,946,720
0.05,13,9,48,31
0.05,13,10,973,892
0.05,13,11,44,33
0.05,14,0,957,610
0.05,14,1,56,29
0.05,14,2,951,784
0.05,14,3,55,35
0.05,14,4,954,921
0.05,14,5,53,37
0.05,14,6,924,561
0.05,14,7,46,19
0.05,14,8,994,762
0.05,14,9,43,26
0.05,14,10,915,821
0.05,14,11,52,46
0.05,15,0,958,650
0.05,15,1,57,19
0.05,15,2,984,806
0.05,15,3,54,35
0.05,15,4,918,894
0.05,15,5,40,32
0.05,15,6,962,596
0.05,15,7,47,23
0.05,15,8,925,709
0.05,15,9,53,39
0.05,15,10,954,876
0.05,15,11,48,43
0.05,16,0,971,638
0.05,16,1,48,17
0.05,16,2,994,818
0.05,16,3,38,23
0.05,16,4,897,868
0.05,16,5,47,34
0.05,16,6,926,583
0.05,16,7,61,32
0.05,16,8,994,753
0.05,16,9,55,28
0.05,16,10,905,807
0.05,16,11,64,52
0.05,17,0,955,629
0.05,17,1,45,24
0.05,17,2,945,768
0.05,17,3,54,34
0.05,17,4,901,876
0.05,17,5,50,33
0.05,17,6,919,575
0.05,17,7,62,26
0.05,17,8,991,761
0.05,17,9,49,35
0.05,17,10,979,891
0.05,17,11,50,39
0.05,18,0,940,620
0.05,18,1,56,23
0.05,18,2,968,777
0.05,18,3,41,20
0.05,18,4,932,906
0.05,18,5,61,43
0.05,18,6,853,510
0.05,18,7,48,20
0.05,18,8,977,753
0.05,18,9,75,57
0.05,18,10,994,906
0.05,18,11,55,42
0.05,19,0,930,628
0.05,19,1,56,24
0.05,19,2,935,767
0.05,19,3,58,30
0.05,19,4,928,900
0.05,19,5,65,46
0.05,19,6,956,589
0.05,19,7,56,31
0.05,19,8,957,714
0.05,19,9,50,29
0.05,19,10,952,861
0.05,19,11,57,45
0.05,20,0,946,608
0.05,20,1,47,17
0.05,20,2,979,795
0.05,20,3,41,23
0.05,20,4,975,943
0.05,20,5,56,39
0.05,20,6,897,555
0.05,20,7,60,32
0.05,20,8,966,738
0.05,20,9,45,31
0.05,20,10,948,854
0.05,20,11,40,32
0.05,21,0,922,605
0.05,21,1,54,26
0.05,21,2,948,787
0.05,21,3,59,34
0.05,21,4,893,866
0.05,21,5,48,36
0.05,21,6,980,594
0.05,21,7,55,28
0.05,21,8,998,748
0.05,21,9,50,35
0.05,21,10,937,864
0.05,21,11,56,41
0.05,22,0,968,661
0.05,22,1,44,20
0.05,22,2,927,764
0.05,22,3,39,22
0.05,22,4,928,896
0.05,22,5,49,35
0.05,22,6,982,585
0.05,22,7,47,19
0.05,22,8,980,756
0.05,22,9,48,35
0.05,22,10,932,852
0.05,22,11,56,43
0.05,23,0,969,644
0.05,23,1,51,26
0.05,23,2,949,803
0.05,23,3,52,26
0.05,23,4,974,945
0.05,23,5,55,43
0.05,23,6,915,566
0.05,23,7,52,28
0.05,23,8,945,718
0.05,23,9,43,31
0.05,23,10,936,833
0.05,23,11,59,44
0.05,24,0,953,651
0.05,24,1,54,22
0.05,24,2,1003,829
0.05,24,3,58,37
0.05,24,4,919,897
0.05,24,5,56,38
0.05,24,6,960,586
0.05,24,7,53,23
0.05,24,8,894,676
0.05,24,9,55,38
0.05,24,10,955,885
0.05,24,11,40,33
0.05,25,0,963,658
0.05,25,1,50,23
0.05,25,2,936,768
0.05,25,3,51,34
0.05,25,4,934,910
0.05,25,5,48,35
0.05,25,6,958,609
0.05,25,7,52,19
0.05,25,8,972,733
0.05,25,9,48,30
0.05,25,10,936,854
0.05,25,11,52,43
0.05,26,0,976,670
0.05,26,1,43,20
0.05,26,2,935,774
0.05,26,3,45,26
0.05,26,4,970,944
0.05,26,5,63,50
0.05,26,6,941,595
0.05,26,7,48,22
0.05,26,8,913,702
0.05,26,9,54,33
0.05,26,10,971,889
0.05,26,11,41,31
0.05,27,0,988,683
0.05,27,1,49,28
0.05,27,2,933,774
0.05,27,3,46,28
0.05,27,4,967,931
0.05,27,5,38,32
0.05,27,6,946,566
0.05,27,7,56,22
0.05,27,8,920,688
0.05,27,9,47,30
0.05,27,10,953,883
0.05,27,11,57,46
0.05,28,0,914,601
0.05,28,1,48,27
0.05,28,2,954,760
0.05,28,3,49,22
0.05,28,4,949,928
0.05,28,5,66,50
0.05,28,6,942,583
0.05,28,7,50,30
0.05,28,8,957,731
0.05,28,9,50,31
0.05,28,10,976,900
0.05,28,11,45,35
0.05,29,0,924,634
0.05,29,1,44,19
0.05,29,2,965,759
0.05,29,3,56,33
0.05,29,4,941,921
0.05,29,5,36,24
0.05,29,6,912,568
0.05,29,7,68,31
0.05,29,8,995,752
0.05,29,9,53,37
0.05,29,10,953,863
0.05,29,11,53,42
0.05,30,0,944,627
0.05,30,1,46,16
0.05,30,2,972,814
0.05,30,3,52,33
0.05,30,4,929,896
0.05,30,5,47,30
0.05,30,6,909,547
0.05,30,7,61,28
0.05,30,8,969,755
0.05,30,9,51,35
0.05,30,10,977,872
0.05,30,11,43,31
0.05,31,0,985,659
0.05,31,1,52,25
0.05,31,2,937,752
0.05,31,3,53,32
0.05,31,4,970,942
0.05,31,5,53,44
0.05,31,6,891,513
0.05,31,7,47,20
0.05,31,8,968,728
0.05,31,9,37,23
0.05,31,10,950,871
0.05,31,11,57,43
0.05,32,0,929,626
0.05,32,1,56,23
0.05,32,2,952,760
0.05,32,3,36,17
0.05,32,4,950,919
0.05,32,5,54,39
0.05,32,6,979,560
0.05,32,7,48,22
0.05,32,8,945,737
0.05,32,9,45,31
0.05,32,10,953,875
0.05,32,11,53,42
0.05,33,0,953,676
0.05,33,1,67,35
0.05,33,2,972,787
0.05,33,3,56,35
0.05,33,4,925,901
0.05,33,5,54,37
0.05,33,6,931,565
0.05,33,7,41,20
0.05,33,8,937,709
0.05,33,9,44,26
0.05,33,10,960,884
0.05,33,11,60,47
0.05,34,0,899,579
0.05,34,1,49,22
0.05,34,2,953,781
0.05,34,3,63,37
0.05,34,4,921,896
0.05,34,5,39,29
0.05,34,6,1010,596
0.05,34,7,50,24
0.05,34,8,949,721
0.05,34,9,49,32
0.05,34,10,977,888
0.05,34,11,41,35
0.05,35,0,951,608
0.05,35,1,61,23
0.05,35,2,955,796
0.05,35,3,59,38
0.05,35,4,1013,976
0.05,35,5,48,39
0.05,35,6,894,540
0.05,35,7,46,22
0.05,35,8,973,737
0.05,35,9,53,36
0.05,35,10,916,822
0.05,35,11,31,24
0.05,36,0,941,655
0.05,36,1,54,28
0.05,36,2,954,812
0.05,36,3,52,31
0.05,36,4,937,913
0.05,36,5,49,39
0.05,36,6,931,574
0.05,36,7,46,28
0.05,36,8,973,723
0.05,36,9,53,34
0.05,36,10,960,870
0.05,36,11,50,39
0.05,37,0,968,635
0.05,37,1,43,22
0.05,37,2,947,781
0.05,37,3,52,27
0.05,37,4,959,932
0.05,37,5,53,45
0.05,37,6,926,563
0.05,37,7,48,24
0.05,37,8,955,747
0.05,37,9,48,32
0.05,37,10,944,854
0.05,37,11,57,50
0.05,38,0,975,656
0.05,38,1,36,12
0.05,38,2,955,784
0.05,38,3,52,27
0.05,38,4,947,919
0.05,38,5,54,33
0.05,38,6,916,546
0.05,38,7,47,23
0.05,38,8,962,712
0.05,38,9,55,36
0.05,38,10,943,864
0.05,38,11,58,51
0.05,39,0,959,647
0.05,39,1,49,22
0.05,39,2,949,770
0.05,39,3,50,26
0.05,39,4,951,932
0.05,39,5,49,35
0.05,39,6,938,537
0.05,39,7,59,32
0.05,39,8,955,740
0.05,39,9,51,31
0.05,39,10,934,863
0.05,39,11,56,42
0.05,40,0,1006,666
0.05,40,1,41,19
0.05,40,2,947,777
0.05,40,3,51,29
0.05,40,4,986,959
0.05,40,5,46,35
0.05,40,6,900,546
0.05,40,7,58,26
0.05,40,8,925,709
0.05,40,9,44,32
0.05,40,10,942,865
0.05,40,11,54,45
0.05,41,0,888,590
0.05,41,1,44,23
0.05,41,2,970,808
0.05,41,3,44,17
0.05,41,4,955,934
0.05,41,5,54,39
0.05,41,6,956,589
0.05,41,7,57,32
0.05,41,8,956,723
0.05,41,9,59,40
0.05,41,10,951,852
0.05,41,11,66,48
0.05,42,0,918,612
0.05,42,1,38,16
0.05,42,2,909,742
0.05,42,3,49,29
0.05,42,4,947,923
0.05,42,5,60,42
0.05,42,6,1013,624
0.05,42,7,38,20
0.05,42,8,939,723
0.05,42,9,40,23
0.05,42,10,1001,904
0.05,42,11,48,37
0.05,43,0,1000,675
0.05,43,1,41,16
0.05,43,2,975,781
0.05,43,3,56,33
0.05,43,4,940,911
0.05,43,5,59,47
0.05,43,6,933,569
0.05,43,7,58,26
0.05,43,8,897,676
0.05,43,9,36,27
0.05,43,10,960,884
0.05,43,11,45,35
0.05,44,0,945,595
0.05,44,1,50,23
0.05,44,2,915,762
0.05,44,3,50,29
0.05,44,4,977,951
0.05,44,5,65,50
0.05,44,6,1000,575
0.05,44,7,42,21
0.05,44,8,901,703
0.05,44,9,46,31
0.05,44,10,957,880
0.05,44,11,52,37
0.05,45,0,965,652
0.05,45,1,58,27
0.05,45,2,939,780
0.05,45,3,54,25
0.05,45,4,881,856
0.05,45,5,49,41
0.05,45,6,965,573
0.05,45,7,54,22
0.05,45,8,993,773
0.05,45,9,56,44
0.05,45,10,936,835
0.05,45,11,50,38
0.05,46,0,987,669
0.05,46,1,49,21
0.05,46,2,993,818
0.05,46,3,58,38
0.05,46,4,928,901
0.05,46,5,54,34
0.05,46,6,902,541
0.05,46,7,47,23
0.05,46,8,960,735
0.05,46,9,42,30
0.05,46,10,933,854
0.05,46,11,47,40
0.05,47,0,982,676
0.05,47,1,45,17
0.05,47,2,975,800
0.05,47,3,49,25
0.05,47,4,971,943
0.05,47,5,47,38
0.05,47,6,962,623
0.05,47,7,60,32
0.05,47,8,928,698
0.05,47,9,47,30
0.05,47,10,877,796
0.05,47,11,57,48
0.05,48,0,947,623
0.05,48,1,44,22
0.05,48,2,953,769
0.05,48,3,58,33
0.05,48,4,952,922
0.05,48,5,41,32
0.05,48,6,946,582
0.05,48,7,56,22
0.05,48,8,917,697
0.05,48,9,53,37
0.05,48,10,980,896
0.05,48,11,53,41
0.05,49,0,945,624
0.05,49,1,53,17
0.05,49,2,1001,802
0.05,49,3,43,28
0.05,49,4,929,897
0.05,49,5,62,45
0.05,49,6,933,555
0.05,49,7,58,30
0.05,49,8,945,716
0.05,49,9,49,22
0.05,49,10,946,864
0.05,49,11,36,28
0.05,50,0,937,618
0.05,50,1,49,24
0.05,50,2,925,759
0.05,50,3,57,37
0.05,50,4,1025,991
0.05,50,5,56,44
0.05,50,6,890,524
0.05,50,7,44,21
0.05,50,8,968,749
0.05,50,9,53,29
0.05,50,10,944,856
0.05,50,11,52,42
0.05,51,0,1006,663
0.05,51,1,53,23
0.05,51,2,914,750
0.05,51,3,54,30
0.05,51,4,913,880
0.05,51,5,49,41
0.05,51,6,947,592
0.05,51,7,63,34
0.05,51,8,962,728
0.05,51,9,48,19
0.05,51,10,942,864
0.05,51,11,49,39
0.05,52,0,966,653
0.05,52,1,43,19
0.05,52,2,936,780
0.05,52,3,59,36
0.05,52,4,915,890
0.05,52,5,52,38
0.05,52,6,973,598
0.05,52,7,57,29
0.05,52,8,941,703
0.05,52,9,52,37
0.05,52,10,961,882
0.05,52,11,45,36
0.05,53,0,909,608
0.05,53,1,48,22
0.05,53,2,928,753
0.05,53,3,54,36
0.05,53,4,975,953
0.05,53,5,46,30
0.05,53,6,925,565
0.05,53,7,60,32
0.05,53,8,945,741
0.05,53,9,44,26
0.05,53,10,1008,922
0.05,53,11,58,46
0.05,54,0,938,640
0.05,54,1,46,21
0.05,54,2,934,761
0.05,54,3,52,35
0.05,54,4,954,932
0.05,54,5,52,38
0.05,54,6,937,582
0.05,54,7,52,27
0.05,54,8,957,734
0.05,54,9,62,37
0.05,54,10,960,871
0.05,54,11,56,45
0.05,55,0,954,649
0.05,55,1,45,18
0.05,55,2,942,757
0.05,55,3,47,25
0.05,55,4,905,877
0.05,55,5,55,45
0.05,55,6,969,608
0.05,55,7,51,25
0.05,55,8,994,728
0.05,55,9,48,28
0.05,55,10,938,855
0.05,55,11,52,40
0.05,56,0,893,578
0.05,56,1,62,27
0.05,56,2,988,807
0.05,56,3,48,29
0.05,56,4,921,893
0.05,56,5,39,28
0.05,56,6,980,585
0.05,56,7,49,21
0.05,56,8,954,724
0.05,56,9,57,36
0.05,56,10,957,878
0.05,56,11,52,41
0.05,57,0,978,652
0.05,57,1,34,13
0.05,57,2,969,797
0.05,57,3,52,28
0.05,57,4,946,907
0.05,57,5,48,35
0.05,57,6,888,553
0.05,57,7,49,25
0.05,57,8,980,761
0.05,57,9,50,31
0.05,57,10,943,851
0.05,57,11,63,48
0.05,58,0,924,636
0.05,58,1,54,20
0.05,58,2,959,771
0.05,58,3,56,34
0.05,58,4,940,914
0.05,58,5,45,36
0.05,58,6,894,546
0.05,58,7,51,30
0.05,58,8,1007,777
0.05,58,9,44,27
0.05,58,10,972,887
0.05,58,11,54,43
0.05,59,0,949,615
0.05,59,1,49,16
0.05,59,2,956,795
0.05,59,3,39,26
0.05,59,4,907,880
0.05,59,5,53,34
0.05,59,6,946,561
0.05,59,7,60,26
0.05,59,8,980,739
0.05,59,9,55,44
0.05,59,10,953,871
0.05,59,11,53,40
0.05,60,0,975,623
0.05,60,1,40,17
0.05,60,2,961,769
0.05,60,3,60,40
0.05,60,4,953,929
0.05,60,5,52,41
0.05,60,6,937,583
0.05,60,7,43,16
0.05,60,8,963,713
0.05,60,9,50,32
0.05,60,10,924,859
0.05,60,11,42,29
0.05,61,0,935,631
0.05,61,1,50,18
0.05,61,2,929,770
0.05,61,3,51,28
0.05,61,4,917,890
0.05,61,5,51,33
0.05,61,6,982,602
0.05,61,7,44,23
0.05,61,8,969,732
0.05,61,9,50,31
0.05,61,10,967,889
0.05,61,11,55,47
0.05,62,0,956,627
0.05,62,1,57,21
0.05,62,2,949,767
0.05,62,3,33,15
0.05,62,4,947,916
0.05,62,5,52,37
0.05,62,6,938,573
0.05,62,7,38,24
0.05,62,8,970,745
0.05,62,9,49,31
0.05,62,10,964,870
0.05,62,11,47,33
0.05,63,0,937,637
0.05,63,1,49,19
0.05,63,2,958,807
0.05,63,3,56,33
0.05,63,4,927,900
0.05,63,5,43,29
0.05,63,6,952,572
0.05,63,7,55,28
0.05,63,8,990,747
0.05,63,9,57,37
0.05,63,10,928,853
0.05,63,11,48,38
0.05,64,0,1006,647
0.05,64,1,47,18
0.05,64,2,952,781
0.05,64,3,52,27
0.05,64,4,937,910
0.05,64,5,52,31
0.05,64,6,876,554
0.05,64,7,42,17
0.05,64,8,972,762
0.05,64,9,77,51
0.05,64,10,941,854
0.05,64,11,46,36
0.05,65,0,924,626
0.05,65,1,57,21
0.05,65,2,1008,813
0.05,65,3,55,25
0.05,65,4,949,926
0.05,65,5,56,39
0.05,65,6,985,567
0.05,65,7,47,19
0.05,65,8,929,727
0.05,65,9,45,29
0.05,65,10,908,827
0.05,65,11,37,31
0.05,66,0,919,603
0.05,66,1,48,23
0.05,66,2,940,757
0.05,66,3,59,43
0.05,66,4,928,895
0.05,66,5,52,32
0.05,66,6,964,577
0.05,66,7,41,21
0.05,66,8,959,729
0.05,66,9,46,34
0.05,66,10,991,909
0.05,66,11,53,42
0.05,67,0,976,666
0.05,67,1,43,17
0.05,67,2,969,781
0.05,67,3,53,34
0.05,67,4,896,871
0.05,67,5,55,41
0.05,67,6,957,604
0.05,67,7,52,24
0.05,67,8,981,750
0.05,67,9,49,26
0.05,67,10,923,833
0.05,67,11,46,39
0.05,68,0,940,609
0.05,68,1,62,23
0.05,68,2,929,762
0.05,68,3,49,32
0.05,68,4,925,896
0.05,68,5,64,46
0.05,68,6,983,589
0.05,68,7,53,28
0.05,68,8,947,725
0.05,68,9,54,34
0.05,68,10,938,855
0.05,68,11,56,46
0.05,69,0,966,641
0.05,69,1,37,16
0.05,69,2,940,759
0.05,69,3,45,29
0.05,69,4,916,889
0.05,69,5,62,49
0.05,69,6,912,548
0.05,69,7,56,31
0.05,69,8,957,737
0.05,69,9,42,30
0.05,69,10,999,909
0.05,69,11,68,55
0.05,70,0,938,643
0.05,70,1,48,17
0.05,70,2,968,807
0.05,70,3,57,39
0.05,70,4,929,902
0.05,70,5,54,39
0.05,70,6,953,607
0.05,70,7,55,25
0.05,70,8,946,732
0.05,70,9,50,33
0.05,70,10,962,883
0.05,70,11,40,35
0.05,71,0,940,629
0.05,71,1,54,23
0.05,71,2,981,787
0.05,71,3,47,25
0.05,71,4,932,903
0.05,71,5,50,31
0.05,71,6,984,581
0.05,71,7,54,33
0.05,71,8,943,726
0.05,71,9,48,28
0.05,71,10,905,824
0.05,71,11,62,49
0.05,72,0,951,643
0.05,72,1,54,18
0.05,72,2,988,823
0.05,72,3,46,21
0.05,72,4,909,887
0.05,72,5,66,46
0.05,72,6,971,605
0.05,72,7,57,27
0.05,72,8,912,681
0.05,72,9,57,39
0.05,72,10,933,850
0.05,72,11,56,44
0.05,73,0,972,636
0.05,73,1,45,18
0.05,73,2,962,783
0.05,73,3,37,17
0.05,73,4,946,913
0.05,73,5,50,29
0.05,73,6,917,570
0.05,73,7,60,32
0.05,73,8,999,741
0.05,73,9,51,34
0.05,73,10,915,829
0.05,73,11,46,31
0.05,74,0,966,619
0.05,74,1,41,18
0.05,74,2,934,743
0.05,74,3,59,29
0.05,74,4,912,883
0.05,74,5,50,33
0.05,74,6,962,585
0.05,74,7,55,24
0.05,74,8,971,748
0.05,74,9,47,32
0.05,74,10,960,875
0.05,74,11,43,33
0.05,75,0,958,634
0.05,75,1,61,22
0.05,75,2,962,795
0.05,75,3,50,26
0.05,75,4,936,907
0.05,75,5,59,50
0.05,75,6,936,560
0.05,75,7,38,18
0.05,75,8,947,708
0.05,75,9,58,41
0.05,75,10,941,856
0.05,75,11,54,41
0.05,76,0,963,678
0.05,76,1,48,17
0.05,76,2,937,779
0.05,76,3,52,30
0.05,76,4,961,918
0.05,76,5,54,40
0.05,76,6,968,607
0.05,76,7,47,21
0.05,76,8,919,707
0.05,76,9,57,40
0.05,76,10,954,873
0.05,76,11,40,29
0.05,77,0,924,633
0.05,77,1,52,17
0.05,77,2,957,771
0.05,77,3,59,35
0.05,77,4,937,916
0.05,77,5,57,48
0.05,77,6,945,577
0.05,77,7,39,17
0.05,77,8,1002,738
0.05,77,9,53,34
0.05,77,10,919,844
0.05,77,11,56,48
0.05,78,0,930,617
0.05,78,1,53,23
0.05,78,2,965,800
0.05,78,3,33,19
0.05,78,4,969,940
0.05,78,5,71,49
0.05,78,6,925,557
0.05,78,7,44,25
0.05,78,8,965,735
0.05,78,9,47,36
0.05,78,10,935,845
0.05,78,11,63,46
0.05,79,0,994,634
0.05,79,1,50,18
0.05,79,2,957,784
0.05,79,3,45,22
0.05,79,4,944,909
0.05,79,5,51,35
0.05,79,6,850,551
0.05,79,7,39,17
0.05,79,8,956,750
0.05,79,9,59,37
0.05,79,10,1007,904
0.05,79,11,48,29
0.05,80,0,899,598
0.05,80,1,45,19
0.05,80,2,994,832
0.05,80,3,56,35
0.05,80,4,955,918
0.05,80,5,45,36
0.05,80,6,960,596
0.05,80,7,49,22
0.05,80,8,964,745
0.05,80,9,48,27
0.05,80,10,939,876
0.05,80,11,46,36
0.05,81,0,973,669
0.05,81,1,62,32
0.05,81,2,949,799
0.05,81,3,40,29
0.05,81,4,963,927
0.05,81,5,61,47
0.05,81,6,913,569
0.05,81,7,50,30
0.05,81,8,915,692
0.05,81,9,41,28
0.05,81,10,977,890
0.05,81,11,56,48
0.05,82,0,910,616
0.05,82,1,50,22
0.05,82,2,957,783
0.05,82,3,44,23
0.05,82,4,973,944
0.05,82,5,47,38
0.05,82,6,921,560
0.05,82,7,52,22
0.05,82,8,955,716
0.05,82,9,54,35
0.05,82,10,991,906
0.05,82,11,46,35
0.05,83,0,973,635
0.05,83,1,55,24
0.05,83,2,971,811
0.05,83,3,52,36
0.05,83,4,944,924
0.05,83,5,52,37
0.05,83,6,951,585
0.05,83,7,56,31
0.05,83,8,950,750
0.05,83,9,48,29
0.05,83,10,901,831
0.05,83,11,47,39
0.05,84,0,925,588
0.05,84,1,48,25
0.05,84,2,950,785
0.05,84,3,57,30
0.05,84,4,940,912
0.05,84,5,52,40
0.05,84,6,945,581
0.05,84,7,56,29
0.05,84,8,921,733
0.05,84,9,53,33
0.05,84,10,995,895
0.05,84,11,58,45
0.05,85,0,926,606
0.05,85,1,41,21
0.05,85,2,936,755
0.05,85,3,49,26
0.05,85,4,943,906
0.05,85,5,41,31
0.05,85,6,897,536
0.05,85,7,59,27
0.05,85,8,1004,757
0.05,85,9,60,38
0.05,85,10,989,907
0.05,85,11,55,46
0.05,86,0,990,662
0.05,86,1,50,21
0.05,86,2,954,803
0.05,86,3,50,36
0.05,86,4,944,919
0.05,86,5,62,46
0.05,86,6,949,546
0.05,86,7,44,21
0.05,86,8,944,719
0.05,86,9,44,28
0.05,86,10,915,831
0.05,86,11,54,37
0.05,87,0,950,648
0.05,87,1,49,25
0.05,87,2,973,819
0.05,87,3,55,35
0.05,87,4,988,958
0.05,87,5,48,39
0.05,87,6,957,591
0.05,87,7,45,21
0.05,87,8,913,677
0.05,87,9,53,27
0.05,87,10,919,845
0.05,87,11,50,37
0.05,88,0,926,628
0.05,88,1,52,21
0.05,88,2,950,795
0.05,88,3,54,32
0.05,88,4,945,922
0.05,88,5,34,25
0.05,88,6,938,584
0.05,88,7,41,17
0.05,88,8,950,744
0.05,88,9,59,37
0.05,88,10,1003,920
0.05,88,11,48,36
0.05,89,0,952,635
0.05,89,1,55,17
0.05,89,2,939,758
0.05,89,3,55,34
0.05,89,4,934,911
0.05,89,5,70,45
0.05,89,6,908,541
0.05,89,7,53,30
0.05,89,8,971,735
0.05,89,9,51,28
0.05,89,10,969,869
0.05,89,11,43,35
0.05,90,0,940,634
0.05,90,1,44,25
0.05,90,2,1001,783
0.05,90,3,59,33
0.05,90,4,903,877
0.05,90,5,53,44
0.05,90,6,949,564
0.05,90,7,71,37
0.05,90,8,943,732
0.05,90,9,50,35
0.05,90,10,944,851
0.05,90,11,43,28
0.05,91,0,920,629
0.05,91,1,60,26
0.05,91,2,924,760
0.05,91,3,54,32
0.05,91,4,928,899
0.05,91,5,45,35
0.05,91,6,953,586
0.05,91,7,67,37
0.05,91,8,988,729
0.05,91,9,53,33
0.05,91,10,962,881
0.05,91,11,46,37
0.05,92,0,994,639
0.05,92,1,54,13
0.05,92,2,896,743
0.05,92,3,51,24
0.05,92,4,998,962
0.05,92,5,51,40
0.05,92,6,950,592
0.05,92,7,56,23
0.05,92,8,939,725
0.05,92,9,52,39
0.05,92,10,898,829
0.05,92,11,61,50
0.05,93,0,1017,667
0.05,93,1,40,20
0.05,93,2,988,817
0.05,93,3,55,32
0.05,93,4,981,948
0.05,93,5,43,30
0.05,93,6,918,570
0.05,93,7,43,16
0.05,93,8,883,656
0.05,93,9,55,32
0.05,93,10,921,830
0.05,93,11,56,48
0.05,94,0,923,599
0.05,94,1,55,29
0.05,94,2,965,780
0.05,94,3,47,28
0.05,94,4,945,916
0.05,94,5,42,33
0.05,94,6,986,608
0.05,94,7,50,28
0.05,94,8,977,742
0.05,94,9,62,39
0.05,94,10,898,796
0.05,94,11,50,42
0.05,95,0,940,629
0.05,95,1,51,22
0.05,95,2,956,771
0.05,95,3,46,28
0.05,95,4,930,901
0.05,95,5,51,36
0.05,95,6,939,569
0.05,95,7,50,24
0.05,95,8,992,759
0.05,95,9,58,41
0.05,95,10,946,844
0.05,95,11,41,33
0.05,96,0,966,653
0.05,96,1,41,16
0.05,96,2,986,800
0.05,96,3,59,34
0.05,96,4,922,893
0.05,96,5,62,46
0.05,96,6,960,595
0.05,96,7,39,17
0.05,96,8,892,679
0.05,96,9,54,35
0.05,96,10,966,876
0.05,96,11,53,49
0.05,97,0,979,672
0.05,97,1,46,24
0.05,97,2,945,768
0.05,97,3,50,31
0.05,97,4,998,961
0.05,97,5,49,37
0.05,97,6,883,540
0.05,97,7,47,30
0.05,97,8,975,736
0.05,97,9,44,29
0.05,97,10,933,842
0.05,97,11,51,40
0.05,98,0,939,640
0.05,98,1,48,14
0.05,98,2,972,788
0.05,98,3,52,34
0.05,98,4,958,938
0.05,98,5,51,39
0.05,98,6,925,564
0.05,98,7,56,34
0.05,98,8,954,716
0.05,98,9,49,32
0.05,98,10,949,876
0.05,98,11,47,37
0.05,99,0,958,645
0.05,99,1,50,22
0.05,99,2,950,784
0.05,99,3,67,31
0.05,99,4,946,920
0.05,99,5,52,40
0.05,99,6,990,633
0.05,99,7,56,30
0.05,99,8,904,670
0.05,99,9,52,29
0.05,99,10,922,834
0.05,99,11,53,47
0.05,100,0,971,663
0.05,100,1,62,27
0.05,100,2,986,822
0.05,100,3,57,35
0.05,100,4,944,916
0.05,100,5,37,24
0.05,100,6,961,568
0.05,100,7,56,23
0.05,100,8,951,715
0.05,100,9,46,33
0.05,100,10,891,820
0.05,100,11,38,29
0.05,101,0,1006,705
0.05,101,1,57,23
0.05,101,2,909,741
0.05,101,3,41,20
0.05,101,4,957,925
0.05,101,5,43,32
0.05,101,6,937,555
0.05,101,7,39,19
0.05,101,8,976,735
0.05,101,9,60,43
0.05,101,10,927,848
0.05,101,11,48,41
0.05,102,0,929,634
0.05,102,1,34,16
0.05,102,2,985,803
0.05,102,3,49,32
0.05,102,4,993,967
0.05,102,5,69,52
0.05,102,6,973,597
0.05,102,7,50,23
0.05,102,8,922,693
0.05,102,9,46,31
0.05,102,10,894,803
0.05,102,11,56,42
0.05,103,0,962,640
0.05,103,1,44,12
0.05,103,2,960,802
0.05,103,3,49,30
0.05,103,4,976,950
0.05,103,5,55,41
0.05,103,6,950,559
0.05,103,7,61,25
0.05,103,8,934,731
0.05,103,9,33,18
0.05,103,10,927,844
0.05,103,11,49,41
0.05,104,0,960,635
0.05,104,1,50,23
0.05,104,2,897,731
0.05,104,3,46,23
0.05,104,4,951,929
0.05,104,5,56,46
0.05,104,6,944,577
0.05,104,7,46,21
0.05,104,8,1017,753
0.05,104,9,49,33
0.05,104,10,947,860
0.05,104,11,37,29
0.05,105,0,944,637
0.05,105,1,47,21
0.05,105,2,971,793
0.05,105,3,51,28
0.05,105,4,943,917
0.05,105,5,40,28
0.05,105,6,953,579
0.05,105,7,59,29
0.05,105,8,958,737
0.05,105,9,54,31
0.05,105,10,929,833
0.05,105,11,51,43
0.05,106,0,933,607
0.05,106,1,56,23
0.05,106,2,974,810
0.05,106,3,49,24
0.05,106,4,1028,984
0.05,106,5,55,36
0.05,106,6,950,584
0.05,106,7,45,24
0.05,106,8,929,710
0.05,106,9,48,27
0.05,106,10,884,812
0.05,106,11,49,36
0.05,107,0,975,635
0.05,107,1,42,16
0.05,107,2,922,738
0.05,107,3,45,27
0.05,107,4,959,936
0.05,107,5,50,41
0.05,107,6,953,584
0.05,107,7,53,36
0.05,107,8,914,683
0.05,107,9,48,34
0.05,107,10,994,909
0.05,107,11,45,37
0.05,108,0,961,633
0.05,108,1,48,18
0.05,108,2,963,798
0.05,108,3,58,28
0.05,108,4,957,930
0.05,108,5,44,36
0.05,108,6,900,556
0.05,108,7,51,20
0.05,108,8,959,719
0.05,108,9,45,28
0.05,108,10,954,880
0.05,108,11,60,43
0.05,109,0,945,623
0.05,109,1,57,22
0.05,109,2,985,791
0.05,109,3,47,21
0.05,109,4,928,903
0.05,109,5,51,43
0.05,109,6,869,529
0.05,109,7,55,24
0.05,109,8,1011,754
0.05,109,9,47,31
0.05,109,10,949,850
0.05,109,11,56,40
0.05,110,0,978,677
0.05,110,1,46,18
0.05,110,2,910,740
0.05,110,3,48,27
0.05,110,4,980,944
0.05,110,5,44,34
0.05,110,6,950,555
0.05,110,7,53,24
0.05,110,8,938,720
0.05,110,9,53,28
0.05,110,10,944,876
0.05,110,11,56,39
0.05,111,0,953,642
0.05,111,1,57,29
0.05,111,2,956,795
0.05,111,3,50,32
0.05,111,4,929,908
0.05,111,5,50,39
0.05,111,6,941,580
0.05,111,7,56,27
0.05,111,8,962,721
0.05,111,9,60,38
0.05,111,10,932,861
0.05,111,11,54,45
0.05,112,0,910,603
0.05,112,1,59,25
0.05,112,2,934,759
0.05,112,3,34,19
0.05,112,4,949,918
0.05,112,5,43,31
0.05,112,6,916,543
0.05,112,7,47,25
0.05,112,8,1051,791
0.05,112,9,49,29
0.05,112,10,961,884
0.05,112,11,47,38
0.05,113,0,947,648
0.05,113,1,47,23
0.05,113,2,930,741
0.05,113,3,43,26
0.05,113,4,922,900
0.05,113,5,57,43
0.05,113,6,949,585
0.05,113,7,46,25
0.05,113,8,986,743
0.05,113,9,55,38
0.05,113,10,963,875
0.05,113,11,55,49
0.05,114,0,894,598
0.05,114,1,53,23
0.05,114,2,971,799
0.05,114,3,40,21
0.05,114,4,989,945
0.05,114,5,54,43
0.05,114,6,981,609
0.05,114,7,46,16
0.05,114,8,933,708
0.05,114,9,64,37
0.05,114,10,918,844
0.05,114,11,57,46
0.05,115,0,972,655
0.05,115,1,48,17
0.05,115,2,972,808
0.05,115,3,50,35
0.05,115,4,942,917
0.05,115,5,40,30
0.05,115,6,938,575
0.05,115,7,50,21
0.05,115,8,969,718
0.05,115,9,42,28
0.05,115,10,938,856
0.05,115,11,39,28
0.05,116,0,913,608
0.05,116,1,61,25
0.05,116,2,961,773
0.05,116,3,52,32
0.05,116,4,949,904
0.05,116,5,56,39
0.05,116,6,899,557
0.05,116,7,48,28
0.05,116,8,1026,789
0.05,116,9,48,31
0.05,116,10,942,854
0.05,116,11,45,35
0.05,117,0,971,671
0.05,117,1,43,18
0.05,117,2,980,820
0.05,117,3,48,34
0.05,117,4,953,929
0.05,117,5,40,24
0.05,117,6,970,602
0.05,117,7,40,15
0.05,117,8,960,748
0.05,117,9,44,30
0.05,117,10,911,832
0.05,117,11,40,32
0.05,118,0,960,650
0.05,118,1,44,22
0.05,118,2,949,782
0.05,118,3,42,27
0.05,118,4,979,946
0.05,118,5,37,26
0.05,118,6,1000,591
0.05,118,7,44,26
0.05,118,8,951,710
0.05,118,9,44,35
0.05,118,10,903,823
0.05,118,11,47,32
0.05,119,0,887,616
0.05,119,1,60,33
0.05,119,2,920,743
0.05,119,3,46,29
0.05,119,4,958,928
0.05,119,5,44,31
0.05,119,6,956,608
0.05,119,7,52,31
0.05,119,8,957,722
0.05,119,9,46,29
0.05,119,10,1021,929
0.05,119,11,53,44
0.05,120,0,960,632
0.05,120,1,48,25
0.05,120,2,962,781
0.05,120,3,44,26
0.05,120,4,1007,970
0.05,120,5,44,36
0.05,120,6,944,563
0.05,120,7,44,18
0.05,120,8,954,716
0.05,120,9,41,28
0.05,120,10,903,818
0.05,120,11,49,41
0.05,121,0,984,656
0.05,121,1,36,17
0.05,121,2,948,797
0.05,121,3,39,24
0.05,121,4,963,932
0.05,121,5,57,43
0.05,121,6,992,584
0.05,121,7,58,32
0.05,121,8,947,736
0.05,121,9,45,30
0.05,121,10,882,803
0.05,121,11,49,36
0.05,122,0,945,645
0.05,122,1,57,18
0.05,122,2,942,762
0.05,122,3,58,35
0.05,122,4,916,890
0.05,122,5,37,28
0.05,122,6,951,584
0.05,122,7,53,25
0.05,122,8,982,766
0.05,122,9,49,24
0.05,122,10,962,870
0.05,122,11,48,38
0.05,123,0,1002,688
0.05,123,1,52,25
0.05,123,2,907,751
0.05,123,3,66,34
0.05,123,4,969,943
0.05,123,5,59,43
0.05,123,6,975,610
0.05,123,7,57,25
0.05,123,8,916,699
0.05,123,9,51,34
0.05,123,10,886,807
0.05,123,11,60,48
0.05,124,0,948,638
0.05,124,1,48,24
0.05,124,2,965,801
0.05,124,3,55,28
0.05,124,4,973,942
0.05,124,5,50,33
0.05,124,6,988,611
0.05,124,7,55,28
0.05,124,8,913,690
0.05,124,9,47,30
0.05,124,10,917,838
0.05,124,11,41,38
0.05,125,0,959,626
0.05,125,1,57,28
0.05,125,2,910,749
0.05,125,3,57,32
0.05,125,4,960,924
0.05,125,5,47,32
0.05,125,6,970,613
0.05,125,7,56,35
0.05,125,8,949,718
0.05,125,9,54,29
0.05,125,10,936,853
0.05,125,11,45,37
0.05,126,0,895,601
0.05,126,1,41,17
0.05,126,2,966,802
0.05,126,3,45,27
0.05,126,4,935,917
0.05,126,5,48,34
0.05,126,6,970,560
0.05,126,7,46,24
0.05,126,8,973,744
0.05,126,9,49,34
0.05,126,10,970,875
0.05,126,11,62,52
0.05,127,0,943,629
0.05,127,1,48,27
0.05,127,2,943,778
0.05,127,3,62,35
0.05,127,4,969,943
0.05,127,5,69,54
0.05,127,6,876,533
0.05,127,7,59,32
0.05,127,8,983,756
0.05,127,9,49,32
0.05,127,10,953,848
0.05,127,11,46,33
0.05,128,0,976,649
0.05,128,1,39,21
0.05,128,2,920,754
0.05,128,3,61,31
0.05,128,4,967,931
0.05,128,5,59,46
0.05,128,6,938,571
0.05,128,7,56,24
0.05,128,8,989,764
0.05,128,9,53,38
0.05,128,10,898,825
0.05,128,11,44,33
0.05,129,0,967,632
0.05,129,1,65,27
0.05,129,2,986,801
0.05,129,3,44,31
0.05,129,4,903,876
0.05,129,5,61,41
0.05,129,6,920,514
0.05,129,7,48,20
0.05,129,8,950,699
0.05,129,9,66,41
0.05,129,10,950,878
0.05,129,11,40,32
0.05,130,0,982,642
0.05,130,1,52,19
0.05,130,2,915,781
0.05,130,3,55,34
0.05,130,4,939,911
0.05,130,5,54,38
0.05,130,6,889,532
0.05,130,7,41,20
0.05,130,8,967,753
0.05,130,9,60,36
0.05,130,10,991,905
0.05,130,11,55,41
0.05,131,0,967,661
0.05,131,1,44,18
0.05,131,2,898,744
0.05,131,3,55,28
0.05,131,4,1001,967
0.05,131,5,39,31
0.05,131,6,967,566
0.05,131,7,34,17
0.05,131,8,939,717
0.05,131,9,46,30
0.05,131,10,969,892
0.05,131,11,41,33
0.05,132,0,914,606
0.05,132,1,37,16
0.05,132,2,948,784
0.05,132,3,45,27
0.05,132,4,997,966
0.05,132,5,57,39
0.05,132,6,924,557
0.05,132,7,59,31
0.05,132,8,979,750
0.05,132,9,52,28
0.05,132,10,928,840
0.05,132,11,60,47
0.05,133,0,1018,664
0.05,133,1,52,20
0.05,133,2,969,786
0.05,133,3,47,29
0.05,133,4,919,897
0.05,133,5,57,40
0.05,133,6,903,564
0.05,133,7,61,26
0.05,133,8,939,716
0.05,133,9,44,28
0.05,133,10,949,853
0.05,133,11,42,29
0.05,134,0,948,626
0.05,134,1,49,24
0.05,134,2,946,774
0.05,134,3,47,29
0.05,134,4,917,885
0.05,134,5,52,41
0.05,134,6,934,568
0.05,134,7,57,34
0.05,134,8,996,770
0.05,134,9,54,38
0.05,134,10,937,863
0.05,134,11,63,55
0.05,135,0,978,663
0.05,135,1,60,28
0.05,135,2,949,797
0.05,135,3,63,37
0.05,135,4,955,921
0.05,135,5,45,32
0.05,135,6,895,539
0.05,135,7,52,26
0.05,135,8,1003,773
0.05,135,9,46,32
0.05,135,10,915,840
0.05,135,11,39,30
0.05,136,0,956,623
0.05,136,1,48,23
0.05,136,2,1005,825
0.05,136,3,45,24
0.05,136,4,969,939
0.05,136,5,46,34
0.05,136,6,938,568
0.05,136,7,53,26
0.05,136,8,954,726
0.05,136,9,57,33
0.05,136,10,888,795
0.05,136,11,41,30
0.05,137,0,962,644
0.05,137,1,53,30
0.05,137,2,957,786
0.05,137,3,46,27
0.05,137,4,923,897
0.05,137,5,39,23
0.05,137,6,934,585
0.05,137,7,49,14
0.05,137,8,999,737
0.05,137,9,40,27
0.05,137,10,952,868
0.05,137,11,46,33
0.05,138,0,950,631
0.05,138,1,37,14
0.05,138,2,994,819
0.05,138,3,44,22
0.05,138,4,957,933
0.05,138,5,50,39
0.05,138,6,970,592
0.05,138,7,47,26
0.05,138,8,908,683
0.05,138,9,45,26
0.05,138,10,958,879
0.05,138,11,40,31
0.05,139,0,950,652
0.05,139,1,53,23
0.05,139,2,860,725
0.05,139,3,58,39
0.05,139,4,985,953
0.05,139,5,51,39
0.05,139,6,920,532
0.05,139,7,52,30
0.05,139,8,980,768
0.05,139,9,48,34
0.05,139,10,999,915
0.05,139,11,44,32
0.05,140,0,968,636
0.05,140,1,53,25
0.05,140,2,962,783
0.05,140,3,40,21
0.05,140,4,903,873
0.05,140,5,45,35
0.05,140,6,939,590
0.05,140,7,46,30
0.05,140,8,970,726
0.05,140,9,55,40
0.05,140,10,960,876
0.05,140,11,59,47
0.05,141,0,940,633
0.05,141,1,56,14
0.05,141,2,948,777
0.05,141,3,56,36
0.05,141,4,911,889
0.05,141,5,55,39
0.05,141,6,1030,644
0.05,141,7,48,32
0.05,141,8,935,710
0.05,141,9,36,26
0.05,141,10,943,858
0.05,141,11,42,36
0.05,142,0,946,625
0.05,142,1,53,21
0.05,142,2,952,797
0.05,142,3,49,32
0.05,142,4,904,869
0.05,142,5,48,34
0.05,142,6,923,556
0.05,142,7,63,33
0.05,142,8,982,733
0.05,142,9,38,21
0.05,142,10,985,896
0.05,142,11,57,44
0.05,143,0,926,617
0.05,143,1,58,26
0.05,143,2,982,811
0.05,143,3,49,26
0.05,143,4,929,896
0.05,143,5,57,42
0.05,143,6,966,587
0.05,143,7,55,28
0.05,143,8,918,706
0.05,143,9,50,38
0.05,143,10,956,863
0.05,143,11,54,43
0.05,144,0,928,614
0.05,144,1,56,24
0.05,144,2,972,793
0.05,144,3,61,32
0.05,144,4,976,938
0.05,144,5,48,38
0.05,144,6,946,607
0.05,144,7,58,23
0.05,144,8,931,706
0.05,144,9,53,41
0.05,144,10,924,840
0.05,144,11,47,35
0.05,145,0,983,668
0.05,145,1,48,14
0.05,145,2,913,741
0.05,145,3,52,27
0.05,145,4,937,904
0.05,145,5,45,27
0.05,145,6,993,610
0.05,145,7,51,20
0.05,145,8,950,707
0.05,145,9,42,26
0.05,145,10,948,864
0.05,145,11,38,30
0.05,146,0,932,649
0.05,146,1,57,26
0.05,146,2,987,802
0.05,146,3,44,26
0.05,146,4,947,906
0.05,146,5,65,48
0.05,146,6,923,572
0.05,146,7,34,19
0.05,146,8,967,730
0.05,146,9,49,29
0.05,146,10,956,865
0.05,146,11,39,32
0.05,147,0,1012,682
0.05,147,1,57,28
0.05,147,2,906,748
0.05,147,3,58,37
0.05,147,4,980,954
0.05,147,5,48,41
0.05,147,6,884,528
0.05,147,7,42,15
0.05,147,8,916,713
0.05,147,9,44,30
0.05,147,10,1000,903
0.05,147,11,53,40
0.05,148,0,969,662
0.05,148,1,48,25
0.05,148,2,958,804
0.05,148,3,50,32
0.05,148,4,1015,984
0.05,148,5,55,42
0.05,148,6,915,570
0.05,148,7,52,29
0.05,148,8,910,690
0.05,148,9,45,31
0.05,148,10,939,857
0.05,148,11,44,36
0.05,149,0,941,616
0.05,149,1,48,22
0.05,149,2,977,782
0.05,149,3,53,35
0.05,149,4,953,927
0.05,149,5,61,40
0.05,149,6,936,585
0.05,149,7,47,21
0.05,149,8,898,684
0.05,149,9,53,36
0.05,149,10,988,901
0.05,149,11,45,40
0.05,150,0,896,598
0.05,150,1,58,21
0.05,150,2,970,799
0.05,150,3,30,14
0.05,150,4,967,945
0.05,150,5,62,38
0.05,150,6,941,547
0.05,150,7,62,28
0.05,150,8,982,748
0.05,150,9,33,20
0.05,150,10,953,874
0.05,150,11,46,39
0.05,151,0,969,624
0.05,151,1,41,13
0.05,151,2,897,749
0.05,151,3,56,29
0.05,151,4,909,885
0.05,151,5,48,30
0.05,151,6,936,553
0.05,151,7,41,22
0.05,151,8,1010,738
0.05,151,9,50,30
0.05,151,10,987,901
0.05,151,11,56,46
0.05,152,0,952,652
0.05,152,1,45,22
0.05,152,2,948,784
0.05,152,3,65,40
0.05,152,4,936,909
0.05,152,5,48,38
0.05,152,6,940,562
0.05,152,7,39,21
0.05,152,8,961,715
0.05,152,9,52,34
0.05,152,10,972,890
0.05,152,11,42,31
0.05,153,0,909,597
0.05,153,1,49,25
0.05,153,2,955,776
0.05,153,3,43,26
0.05,153,4,942,913
0.05,153,5,58,39
0.05,153,6,993,598
0.05,153,7,48,23
0.05,153,8,931,699
0.05,153,9,54,29
0.05,153,10,974,887
0.05,153,11,44,31
0.05,154,0,959,642
0.05,154,1,52,24
0.05,154,2,985,796
0.05,154,3,49,25
0.05,154,4,949,922
0.05,154,5,40,30
0.05,154,6,896,542
0.05,154,7,64,30
0.05,154,8,956,739
0.05,154,9,69,40
0.05,154,10,937,845
0.05,154,11,44,38
0.05,155,0,927,612
0.05,155,1,52,19
0.05,155,2,932,753
0.05,155,3,46,29
0.05,155,4,969,942
0.05,155,5,52,41
0.05,155,6,954,564
0.05,155,7,58,26
0.05,155,8,934,700
0.05,155,9,45,31
0.05,155,10,970,879
0.05,155,11,61,56
0.05,156,0,961,655
0.05,156,1,51,26
0.05,156,2,924,740
0.05,156,3,62,34
0.05,156,4,962,929
0.05,156,5,64,45
0.05,156,6,905,564
0.05,156,7,48,20
0.05,156,8,966,722
0.05,156,9,45,28
0.05,156,10,965,865
0.05,156,11,47,35
0.05,157,0,921,625
0.05,157,1,57,26
0.05,157,2,928,731
0.05,157,3,43,27
0.05,157,4,975,942
0.05,157,5,54,38
0.05,157,6,941,608
0.05,157,7,39,20
0.05,157,8,927,707
0.05,157,9,49,31
0.05,157,10,1021,934
0.05,157,11,45,36
0.05,158,0,963,633
0.05,158,1,47,24
0.05,158,2,910,723
0.05,158,3,44,24
0.05,158,4,994,968
0.05,158,5,56,41
0.05,158,6,921,555
0.05,158,7,51,22
0.05,158,8,942,695
0.05,158,9,44,30
0.05,158,10,967,858
0.05,158,11,61,46
0.05,159,0,937,628
0.05,159,1,56,18
0.05,159,2,1022,838
0.05,159,3,49,27
0.05,159,4,938,908
0.05,159,5,48,35
0.05,159,6,938,571
0.05,159,7,53,24
0.05,159,8,934,711
0.05,159,9,34,23
0.05,159,10,946,881
0.05,159,11,45,37
0.05,160,0,960,597
0.05,160,1,51,20
0.05,160,2,977,811
0.05,160,3,57,36
0.05,160,4,950,923
0.05,160,5,58,37
0.05,160,6,926,571
0.05,160,7,57,24
0.05,160,8,1002,745
0.05,160,9,53,32
0.05,160,10,871,795
0.05,160,11,38,30
0.05,161,0,946,619
0.05,161,1,53,23
0.05,161,2,987,819
0.05,161,3,58,34
0.05,161,4,944,918
0.05,161,5,62,46
0.05,161,6,929,555
0.05,161,7,55,29
0.05,161,8,942,724
0.05,161,9,52,27
0.05,161,10,927,834
0.05,161,11,45,38
0.05,162,0,942,659
0.05,162,1,44,18
0.05,162,2,959,792
0.05,162,3,47,24
0.05,162,4,910,885
0.05,162,5,47,29
0.05,162,6,982,576
0.05,162,7,56,29
0.05,162,8,956,726
0.05,162,9,56,33
0.05,162,10,944,866
0.05,162,11,57,48
0.05,163,0,935,622
0.05,163,1,51,23
0.05,163,2,977,798
0.05,163,3,39,22
0.05,163,4,952,922
0.05,163,5,45,32
0.05,163,6,962,586
0.05,163,7,44,26
0.05,163,8,961,720
0.05,163,9,35,20
0.05,163,10,946,853
0.05,163,11,53,38
0.05,164,0,935,639
0.05,164,1,57,22
0.05,164,2,909,755
0.05,164,3,45,26
0.05,164,4,967,936
0.05,164,5,45,33
0.05,164,6,917,557
0.05,164,7,51,31
0.05,164,8,985,738
0.05,164,9,57,39
0.05,164,10,982,870
0.05,164,11,50,36
0.05,165,0,954,650
0.05,165,1,41,18
0.05,165,2,944,773
0.05,165,3,44,27
0.05,165,4,952,932
0.05,165,5,47,32
0.05,165,6,995,611
0.05,165,7,57,26
0.05,165,8,900,675
0.05,165,9,54,34
0.05,165,10,972,874
0.05,165,11,40,33
0.05,166,0,998,660
0.05,166,1,53,22
0.05,166,2,994,830
0.05,166,3,38,18
0.05,166,4,904,883
0.05,166,5,47,36
0.05,166,6,936,587
0.05,166,7,44,21
0.05,166,8,898,673
0.05,166,9,49,29
0.05,166,10,989,911
0.05,166,11,50,39
0.05,167,0,921,635
0.05,167,1,47,21
0.05,167,2,936,778
0.05,167,3,51,32
0.05,167,4,1002,965
0.05,167,5,53,36
0.05,167,6,981,609
0.05,167,7,44,21
0.05,167,8,952,733
0.05,167,9,52,31
0.05,167,10,928,843
0.05,167,11,33,23
0.05,168,0,970,650
0.05,168,1,59,20
0.05,168,2,971,801
0.05,168,3,46,22
0.05,168,4,923,883
0.05,168,5,38,27
0.05,168,6,943,578
0.05,168,7,54,30
0.05,168,8,906,686
0.05,168,9,43,28
0.05,168,10,997,907
0.05,168,11,50,34
0.05,169,0,944,642
0.05,169,1,41,15
0.05,169,2,957,813
0.05,169,3,53,35
0.05,169,4,988,948
0.05,169,5,43,32
0.05,169,6,923,556
0.05,169,7,49,27
0.05,169,8,973,748
0.05,169,9,48,32
0.05,169,10,931,844
0.05,169,11,50,38
0.05,170,0,908,604
0.05,170,1,50,20
0.05,170,2,972,790
0.05,170,3,39,24
0.05,170,4,944,907
0.05,170,5,40,26
0.05,170,6,990,611
0.05,170,7,45,18
0.05,170,8,934,690
0.05,170,9,61,46
0.05,170,10,970,880
0.05,170,11,47,38
0.05,171,0,914,616
0.05,171,1,45,23
0.05,171,2,950,776
0.05,171,3,55,36
0.05,171,4,987,960
0.05,171,5,46,29
0.05,171,6,974,620
0.05,171,7,45,22
0.05,171,8,941,703
0.05,171,9,60,36
0.05,171,10,921,832
0.05,171,11,62,50
0.05,172,0,910,599
0.05,172,1,48,20
0.05,172,2,975,783
0.05,172,3,54,33
0.05,172,4,918,886
0.05,172,5,46,32
0.05,172,6,1002,575
0.05,172,7,56,25
0.05,172,8,917,686
0.05,172,9,45,36
0.05,172,10,969,890
0.05,172,11,60,54
0.05,173,0,926,593
0.05,173,1,52,21
0.05,173,2,944,770
0.05,173,3,59,37
0.05,173,4,980,947
0.05,173,5,48,37
0.05,173,6,946,577
0.05,173,7,51,22
0.05,173,8,954,735
0.05,173,9,56,38
0.05,173,10,941,860
0.05,173,11,43,34
0.05,174,0,928,628
0.05,174,1,61,26
0.05,174,2,900,742
0.05,174,3,46,26
0.05,174,4,952,928
0.05,174,5,55,42
0.05,174,6,938,591
0.05,174,7,42,20
0.05,174,8,972,765
0.05,174,9,58,39
0.05,174,10,983,892
0.05,174,11,65,52
0.05,175,0,965,630
0.05,175,1,50,17
0.05,175,2,938,783
0.05,175,3,59,39
0.05,175,4,948,921
0.05,175,5,60,41
0.05,175,6,914,554
0.05,175,7,46,24
0.05,175,8,967,720
0.05,175,9,52,30
0.05,175,10,949,866
0.05,175,11,52,42
0.05,176,0,988,657
0.05,176,1,60,29
0.05,176,2,935,761
0.05,176,3,59,29
0.05,176,4,918,880
0.05,176,5,51,36
0.05,176,6,954,576
0.05,176,7,60,32
0.05,176,8,968,752
0.05,176,9,42,29
0.05,176,10,918,840
0.05,176,11,47,39
0.05,177,0,971,615
0.05,177,1,59,27
0.05,177,2,920,775
0.05,177,3,46,24
0.05,177,4,941,919
0.05,177,5,51,42
0.05,177,6,999,592
0.05,177,7,50,26
0.05,177,8,936,715
0.05,177,9,40,27
0.05,177,10,938,850
0.05,177,11,49,34
0.05,178,0,911,612
0.05,178,1,42,20
0.05,178,2,947,749
0.05,178,3,59,37
0.05,178,4,955,929
0.05,178,5,46,34
0.05,178,6,967,579
0.05,178,7,55,32
0.05,178,8,938,707
0.05,178,9,54,38
0.05,178,10,971,876
0.05,178,11,55,47
0.05,179,0,897,578
0.05,179,1,49,16
0.05,179,2,936,759
0.05,179,3,61,41
0.05,179,4,991,963
0.05,179,5,63,44
0.05,179,6,910,552
0.05,179,7,28,13
0.05,179,8,936,703
0.05,179,9,47,30
0.05,179,10,1023,927
0.05,179,11,59,45
0.05,180,0,958,651
0.05,180,1,45,18
0.05,180,2,933,762
0.05,180,3,47,30
0.05,180,4,966,939
0.05,180,5,51,36
0.05,180,6,939,558
0.05,180,7,54,20
0.05,180,8,951,724
0.05,180,9,50,31
0.05,180,10,951,871
0.05,180,11,55,46
0.05,181,0,924,617
0.05,181,1,40,18
0.05,181,2,983,814
0.05,181,3,57,36
0.05,181,4,958,923
0.05,181,5,38,29
0.05,181,6,923,565
0.05,181,7,51,26
0.05,181,8,971,717
0.05,181,9,52,37
0.05,181,10,938,847
0.05,181,11,65,48
0.05,182,0,945,639
0.05,182,1,42,19
0.05,182,2,928,747
0.05,182,3,47,29
0.05,182,4,956,914
0.05,182,5,49,42
0.05,182,6,974,567
0.05,182,7,40,19
0.05,182,8,940,725
0.05,182,9,45,27
0.05,182,10,969,873
0.05,182,11,65,56
0.05,183,0,890,602
0.05,183,1,53,23
0.05,183,2,973,799
0.05,183,3,53,28
0.05,183,4,1000,971
0.05,183,5,60,44
0.05,183,6,967,610
0.05,183,7,51,20
0.05,183,8,945,715
0.05,183,9,61,41
0.05,183,10,892,816
0.05,183,11,55,41
0.05,184,0,917,612
0.05,184,1,59,22
0.05,184,2,963,795
0.05,184,3,48,33
0.05,184,4,969,943
0.05,184,5,47,31
0.05,184,6,940,579
0.05,184,7,57,31
0.05,184,8,993,766
0.05,184,9,61,38
0.05,184,10,891,816
0.05,184,11,55,39
0.05,185,0,936,636
0.05,185,1,55,28
0.05,185,2,966,790
0.05,185,3,46,26
0.05,185,4,990,957
0.05,185,5,53,39
0.05,185,6,965,572
0.05,185,7,66,25
0.05,185,8,932,687
0.05,185,9,51,32
0.05,185,10,895,798
0.05,185,11,45,35
0.05,186,0,957,617
0.05,186,1,50,25
0.05,186,2,935,783
0.05,186,3,39,22
0.05,186,4,947,921
0.05,186,5,43,33
0.05,186,6,939,561
0.05,186,7,57,27
0.05,186,8,945,713
0.05,186,9,50,37
0.05,186,10,986,906
0.05,186,11,52,37
0.05,187,0,950,654
0.05,187,1,43,18
0.05,187,2,960,791
0.05,187,3,52,32
0.05,187,4,984,948
0.05,187,5,60,43
0.05,187,6,909,545
0.05,187,7,40,18
0.05,187,8,942,730
0.05,187,9,45,33
0.05,187,10,963,880
0.05,187,11,52,40
0.05,188,0,916,623
0.05,188,1,37,17
0.05,188,2,902,744
0.05,188,3,58,34
0.05,188,4,963,940
0.05,188,5,57,47
0.05,188,6,952,587
0.05,188,7,55,29
0.05,188,8,965,741
0.05,188,9,61,36
0.05,188,10,992,904
0.05,188,11,42,34
0.05,189,0,981,669
0.05,189,1,52,22
0.05,189,2,955,777
0.05,189,3,51,35
0.05,189,4,975,948
0.05,189,5,49,30
0.05,189,6,923,580
0.05,189,7,49,29
0.05,189,8,971,736
0.05,189,9,50,32
0.05,189,10,887,801
0.05,189,11,57,42
0.05,190,0,988,671
0.05,190,1,48,21
0.05,190,2,909,763
0.05,190,3,48,25
0.05,190,4,985,942
0.05,190,5,55,46
0.05,190,6,970,568
0.05,190,7,46,24
0.05,190,8,921,680
0.05,190,9,57,41
0.05,190,10,930,854
0.05,190,11,43,33
0.05,191,0,935,635
0.05,191,1,49,22
0.05,191,2,931,785
0.05,191,3,55,29
0.05,191,4,1005,976
0.05,191,5,51,32
0.05,191,6,917,571
0.05,191,7,48,23
0.05,191,8,983,751
0.05,191,9,38,24
0.05,191,10,944,863
0.05,191,11,44,39
0.05,192,0,968,644
0.05,192,1,48,23
0.05,192,2,884,700
0.05,192,3,50,32
0.05,192,4,956,912
0.05,192,5,57,41
0.05,192,6,998,623
0.05,192,7,57,28
0.05,192,8,959,720
0.05,192,9,40,22
0.05,192,10,931,848
0.05,192,11,52,38
0.05,193,0,976,638
0.05,193,1,53,24
0.05,193,2,918,720
0.05,193,3,42,21
0.05,193,4,954,925
0.05,193,5,47,32
0.05,193,6,951,584
0.05,193,7,80,41
0.05,193,8,900,676
0.05,193,9,52,33
0.05,193,10,973,886
0.05,193,11,54,45
0.05,194,0,943,638
0.05,194,1,54,27
0.05,194,2,1005,824
0.05,194,3,50,26
0.05,194,4,912,881
0.05,194,5,56,37
0.05,194,6,987,602
0.05,194,7,47,23
0.05,194,8,936,722
0.05,194,9,59,40
0.05,194,10,895,820
0.05,194,11,56,47
0.05,195,0,948,632
0.05,195,1,58,33
0.05,195,2,987,798
0.05,195,3,46,30
0.05,195,4,949,918
0.05,195,5,58,43
0.05,195,6,878,560
0.05,195,7,59,23
0.05,195,8,968,736
0.05,195,9,37,21
0.05,195,10,966,880
0.05,195,11,46,36
0.05,196,0,974,650
0.05,196,1,52,24
0.05,196,2,930,769
0.05,196,3,41,19
0.05,196,4,960,936
0.05,196,5,58,48
0.05,196,6,909,562
0.05,196,7,52,30
0.05,196,8,987,761
0.05,196,9,53,30
0.05,196,10,945,860
0.05,196,11,39,34
0.05,197,0,931,619
0.05,197,1,48,26
0.05,197,2,947,783
0.05,197,3,49,28
0.05,197,4,937,906
0.05,197,5,52,42
0.05,197,6,966,596
0.05,197,7,41,23
0.05,197,8,990,768
0.05,197,9,60,39
0.05,197,10,933,840
0.05,197,11,46,33
0.05,198,0,931,638
0.05,198,1,46,21
0.05,198,2,980,819
0.05,198,3,46,26
0.05,198,4,981,952
0.05,198,5,44,31
0.05,198,6,968,562
0.05,198,7,47,25
0.05,198,8,931,714
0.05,198,9,48,30
0.05,198,10,929,838
0.05,198,11,49,40
0.05,199,0,969,665
0.05,199,1,49,22
0.05,199,2,932,758
0.05,199,3,55,26
0.05,199,4,959,926
0.05,199,5,60,41
0.05,199,6,903,561
0.05,199,7,33,11
0.05,199,8,1027,785
0.05,199,9,64,33
0.05,199,10,902,815
0.05,199,11,47,42
0.01,0,0,1026,687
0.01,0,1,5,0
0.01,0,2,939,781
0.01,0,3,14,7
0.01,0,4,1000,966
0.01,0,5,10,9
0.01,0,6,946,578
0.01,0,7,5,4
0.01,0,8,971,770
0.01,0,9,14,9
0.01,0,10,1059,964
0.01,0,11,11,9
0.01,1,0,976,660
0.01,1,1,7,2
0.01,1,2,919,761
0.01,1,3,9,6
0.01,1,4,1007,981
0.01,1,5,10,7
0.01,1,6,975,609
0.01,1,7,11,7
0.01,1,8,1017,772
0.01,1,9,9,8
0.01,1,10,1050,947
0.01,1,11,10,10
0.01,2,0,994,634
0.01,2,1,13,5
0.01,2,2,960,789
0.01,2,3,12,7
0.01,2,4,1007,968
0.01,2,5,8,7
0.01,2,6,1010,646
0.01,2,7,7,2
0.01,2,8,982,762
0.01,2,9,9,5
0.01,2,10,987,895
0.01,2,11,11,8
0.01,3,0,983,666
0.01,3,1,13,6
0.01,3,2,1032,836
0.01,3,3,9,2
0.01,3,4,1009,975
0.01,3,5,12,7
0.01,3,6,959,573
0.01,3,7,10,6
0.01,3,8,977,760
0.01,3,9,12,8
0.01,3,10,969,890
0.01,3,11,15,9
0.01,4,0,1047,671
0.01,4,1,17,5
0.01,4,2,949,772
0.01,4,3,9,3
0.01,4,4,967,936
0.01,4,5,14,12
0.01,4,6,981,592
0.01,4,7,10,5
0.01,4,8,984,752
0.01,4,9,17,10
0.01,4,10,996,888
0.01,4,11,9,8
0.01,5,0,974,637
0.01,5,1,10,6
0.01,5,2,1013,845
0.01,5,3,9,4
0.01,5,4,1017,989
0.01,5,5,5,3
0.01,5,6,975,616
0.01,5,7,16,2
0.01,5,8,983,738
0.01,5,9,11,8
0.01,5,10,982,897
0.01,5,11,5,4
0.01,6,0,1014,684
0.01,6,1,9,5
0.01,6,2,957,783
0.01,6,3,11,8
0.01,6,4,1026,996
0.01,6,5,11,7
0.01,6,6,987,581
0.01,6,7,13,8
0.01,6,8,931,714
0.01,6,9,13,8
0.01,6,10,1015,921
0.01,6,11,13,8
0.01,7,0,988,664
0.01,7,1,12,4
0.01,7,2,991,821
0.01,7,3,14,11
0.01,7,4,943,924
0.01,7,5,13,10
0.01,7,6,1021,630
0.01,7,7,8,4
0.01,7,8,991,745
0.01,7,9,10,7
0.01,7,10,999,912
0.01,7,11,10,7
0.01,8,0,958,635
0.01,8,1,8,5
0.01,8,2,1002,825
0.01,8,3,9,6
0.01,8,4,976,957
0.01,8,5,8,7
0.01,8,6,1012,611
0.01,8,7,7,4
0.01,8,8,990,751
0.01,8,9,8,6
0.01,8,10,1011,921
0.01,8,11,11,10
0.01,9,0,1008,646
0.01,9,1,11,7
0.01,9,2,1029,845
0.01,9,3,9,7
0.01,9,4,1010,987
0.01,9,5,3,2
0.01,9,6,943,579
0.01,9,7,11,3
0.01,9,8,963,752
0.01,9,9,8,7
0.01,9,10,993,903
0.01,9,11,12,9
0.01,10,0,909,624
0.01,10,1,13,4
0.01,10,2,987,789
0.01,10,3,7,3
0.01,10,4,1017,988
0.01,10,5,9,7
0.01,10,6,953,575
0.01,10,7,9,5
0.01,10,8,1040,795
0.01,10,9,13,10
0.01,10,10,1028,942
0.01,10,11,15,12
0.01,11,0,971,637
0.01,11,1,11,6
0.01,11,2,987,812
0.01,11,3,15,10
0.01,11,4,992,962
0.01,11,5,15,11
0.01,11,6,1019,624
0.01,11,7,10,4
0.01,11,8,1010,775
0.01,11,9,6,5
0.01,11,10,952,878
0.01,11,11,12,10
0.01,12,0,954,645
0.01,12,1,7,2
0.01,12,2,991,821
0.01,12,3,8,2
0.01,12,4,1046,1007
0.01,12,5,14,13
0.01,12,6,993,640
0.01,12,7,10,7
0.01,12,8,974,729
0.01,12,9,9,5
0.01,12,10,985,893
0.01,12,11,9,6
0.01,13,0,977,667
0.01,13,1,6,5
0.01,13,2,1051,859
0.01,13,3,2,0
0.01,13,4,957,938
0.01,13,5,6,4
0.01,13,6,979,604
0.01,13,7,9,5
0.01,13,8,1024,770
0.01,13,9,13,11
0.01,13,10,966,876
0.01,13,11,10,10
0.01,14,0,997,629
0.01,14,1,11,5
0.01,14,2,988,810
0.01,14,3,12,10
0.01,14,4,992,968
0.01,14,5,12,7
0.01,14,6,956,577
0.01,14,7,12,8
0.01,14,8,1002,768
0.01,14,9,8,6
0.01,14,10,999,906
0.01,14,11,11,10
0.01,15,0,998,659
0.01,15,1,9,4
0.01,15,2,958,765
0.01,15,3,7,2
0.01,15,4,1034,1010
0.01,15,5,9,8
0.01,15,6,1042,639
0.01,15,7,13,7
0.01,15,8,947,723
0.01,15,9,4,3
0.01,15,10,965,878
0.01,15,11,14,12
0.01,16,0,1011,669
0.01,16,1,6,5
0.01,16,2,978,804
0.01,16,3,4,3
0.01,16,4,948,925
0.01,16,5,7,6
0.01,16,6,1048,650
0.01,16,7,11,6
0.01,16,8,937,691
0.01,16,9,12,7
0.01,16,10,1031,950
0.01,16,11,7,4
0.01,17,0,995,660
0.01,17,1,10,1
0.01,17,2,1006,822
0.01,17,3,9,5
0.01,17,4,984,954
0.01,17,5,12,9
0.01,17,6,973,582
0.01,17,7,11,5
0.01,17,8,949,707
0.01,17,9,13,4
0.01,17,10,1033,954
0.01,17,11,5,4
0.01,18,0,980,648
0.01,18,1,8,2
0.01,18,2,942,793
0.01,18,3,10,8
0.01,18,4,1023,991
0.01,18,5,10,6
0.01,18,6,991,605
0.01,18,7,12,7
0.01,18,8,1049,792
0.01,18,9,12,9
0.01,18,10,952,866
0.01,18,11,11,8
0.01,19,0,969,648
0.01,19,1,8,1
0.01,19,2,981,819
0.01,19,3,12,7
0.01,19,4,970,937
0.01,19,5,15,11
0.01,19,6,1015,628
0.01,19,7,11,5
0.01,19,8,1016,760
0.01,19,9,9,7
0.01,19,10,985,905
0.01,19,11,9,7
0.01,20,0,986,659
0.01,20,1,6,2
0.01,20,2,1009,836
0.01,20,3,6,3
0.01,20,4,940,911
0.01,20,5,12,10
0.01,20,6,1002,599
0.01,20,7,8,6
0.01,20,8,1021,776
0.01,20,9,5,4
0.01,20,10,992,905
0.01,20,11,13,10
0.01,21,0,961,644
0.01,21,1,12,5
0.01,21,2,965,798
0.01,21,3,17,10
0.01,21,4,1028,991
0.01,21,5,16,12
0.01,21,6,1029,644
0.01,21,7,11,4
0.01,21,8,977,754
0.01,21,9,15,9
0.01,21,10,961,867
0.01,21,11,8,7
0.01,22,0,1008,687
0.01,22,1,6,2
0.01,22,2,1013,826
0.01,22,3,18,10
0.01,22,4,952,921
0.01,22,5,11,8
0.01,22,6,965,580
0.01,22,7,9,6
0.01,22,8,976,735
0.01,22,9,10,7
0.01,22,10,1026,942
0.01,22,11,6,4
0.01,23,0,1009,672
0.01,23,1,6,3
0.01,23,2,958,789
0.01,23,3,13,7
0.01,23,4,996,966
0.01,23,5,12,7
0.01,23,6,1005,677
0.01,23,7,9,6
0.01,23,8,969,743
0.01,23,9,8,4
0.01,23,10,1006,905
0.01,23,11,9,8
0.01,24,0,993,654
0.01,24,1,10,5
0.01,24,2,997,818
0.01,24,3,10,6
0.01,24,4,1006,980
0.01,24,5,12,8
0.01,24,6,961,597
0.01,24,7,5,2
0.01,24,8,979,720
0.01,24,9,5,4
0.01,24,10,1013,943
0.01,24,11,9,6
0.01,25,0,1003,669
0.01,25,1,7,2
0.01,25,2,1018,828
0.01,25,3,7,5
0.01,25,4,1041,1009
0.01,25,5,6,5
0.01,25,6,939,561
0.01,25,7,14,8
0.01,25,8,959,731
0.01,25,9,7,5
0.01,25,10,989,915
0.01,25,11,10,6
0.01,26,0,1016,682
0.01,26,1,5,2
0.01,26,2,996,796
0.01,26,3,10,4
0.01,26,4,1023,988
0.01,26,5,10,7
0.01,26,6,956,586
0.01,26,7,8,4
0.01,26,8,925,716
0.01,26,9,8,5
0.01,26,10,1035,946
0.01,26,11,8,7
0.01,27,0,1029,694
0.01,27,1,6,3
0.01,27,2,955,764
0.01,27,3,12,8
0.01,27,4,979,946
0.01,27,5,8,6
0.01,27,6,1044,660
0.01,27,7,7,6
0.01,27,8,973,751
0.01,27,9,12,8
0.01,27,10,967,867
0.01,27,11,8,8
0.01,28,0,953,642
0.01,28,1,5,1
0.01,28,2,973,778
0.01,28,3,16,8
0.01,28,4,1000,973
0.01,28,5,9,4
0.01,28,6,958,553
0.01,28,7,9,7
0.01,28,8,1015,777
0.01,28,9,11,9
0.01,28,10,1047,954
0.01,28,11,4,3
0.01,29,0,964,637
0.01,29,1,10,1
0.01,29,2,1009,827
0.01,29,3,4,3
0.01,29,4,1002,969
0.01,29,5,4,3
0.01,29,6,967,587
0.01,29,7,11,3
0.01,29,8,1053,804
0.01,29,9,11,8
0.01,29,10,958,860
0.01,29,11,7,5
0.01,30,0,984,654
0.01,30,1,6,3
0.01,30,2,994,797
0.01,30,3,14,8
0.01,30,4,1009,984
0.01,30,5,9,7
0.01,30,6,1015,642
0.01,30,7,11,8
0.01,30,8,996,756
0.01,30,9,9,7
0.01,30,10,941,853
0.01,30,11,12,10
0.01,31,0,1026,684
0.01,31,1,11,2
0.01,31,2,981,800
0.01,31,3,5,3
0.01,31,4,978,947
0.01,31,5,17,7
0.01,31,6,975,574
0.01,31,7,17,9
0.01,31,8,1020,796
0.01,31,9,9,8
0.01,31,10,955,866
0.01,31,11,6,4
0.01,32,0,969,662
0.01,32,1,9,5
0.01,32,2,980,769
0.01,32,3,17,13
0.01,32,4,990,966
0.01,32,5,11,9
0.01,32,6,1017,622
0.01,32,7,7,1
0.01,32,8,982,775
0.01,32,9,11,7
0.01,32,10,993,907
0.01,32,11,14,10
0.01,33,0,993,655
0.01,33,1,14,6
0.01,33,2,974,818
0.01,33,3,9,6
0.01,33,4,979,941
0.01,33,5,8,6
0.01,33,6,995,605
0.01,33,7,9,3
0.01,33,8,964,729
0.01,33,9,13,9
0.01,33,10,1038,940
0.01,33,11,4,3
0.01,34,0,938,634
0.01,34,1,8,4
0.01,34,2,1024,863
0.01,34,3,13,7
0.01,34,4,980,963
0.01,34,5,14,8
0.01,34,6,1006,588
0.01,34,7,7,4
0.01,34,8,1026,780
0.01,34,9,9,6
0.01,34,10,961,873
0.01,34,11,14,11
0.01,35,0,990,641
0.01,35,1,15,7
0.01,35,2,1047,863
0.01,35,3,2,2
0.01,35,4,960,926
0.01,35,5,13,11
0.01,35,6,941,567
0.01,35,7,9,5
0.01,35,8,999,773
0.01,35,9,5,4
0.01,35,10,1008,925
0.01,35,11,11,7
0.01,36,0,981,663
0.01,36,1,14,5
0.01,36,2,984,827
0.01,36,3,10,6
0.01,36,4,984,954
0.01,36,5,8,7
0.01,36,6,989,598
0.01,36,7,9,3
0.01,36,8,999,768
0.01,36,9,8,4
0.01,36,10,1006,917
0.01,36,11,8,8
0.01,37,0,1008,684
0.01,37,1,6,1
0.01,37,2,1025,841
0.01,37,3,9,5
0.01,37,4,1071,1032
0.01,37,5,7,6
0.01,37,6,911,580
0.01,37,7,11,3
0.01,37,8,976,748
0.01,37,9,11,8
0.01,37,10,958,875
0.01,37,11,7,6
0.01,38,0,1015,695
0.01,38,1,12,5
0.01,38,2,981,801
0.01,38,3,5,3
0.01,38,4,994,964
0.01,38,5,7,5
0.01,38,6,951,573
0.01,38,7,11,7
0.01,38,8,1003,755
0.01,38,9,9,7
0.01,38,10,1003,919
0.01,38,11,9,5
0.01,39,0,999,674
0.01,39,1,7,4
0.01,39,2,980,819
0.01,39,3,13,9
0.01,39,4,989,963
0.01,39,5,15,11
0.01,39,6,997,617
0.01,39,7,11,4
0.01,39,8,988,751
0.01,39,9,7,5
0.01,39,10,984,902
0.01,39,11,10,10
0.01,40,0,1046,706
0.01,40,1,11,5
0.01,40,2,970,785
0.01,40,3,12,7
0.01,40,4,983,956
0.01,40,5,11,9
0.01,40,6,980,578
0.01,40,7,8,4
0.01,40,8,957,715
0.01,40,9,13,9
0.01,40,10,1002,909
0.01,40,11,7,6
0.01,41,0,927,629
0.01,41,1,7,2
0.01,41,2,1001,817
0.01,41,3,11,8
0.01,41,4,994,956
0.01,41,5,12,9
0.01,41,6,1018,616
0.01,41,7,9,6
0.01,41,8,993,770
0.01,41,9,15,5
0.01,41,10,1008,924
0.01,41,11,5,4
0.01,42,0,957,650
0.01,42,1,13,9
0.01,42,2,1047,863
0.01,42,3,17,13
0.01,42,4,966,942
0.01,42,5,9,6
0.01,42,6,981,596
0.01,42,7,8,4
0.01,42,8,1024,774
0.01,42,9,13,8
0.01,42,10,954,873
0.01,42,11,11,9
0.01,43,0,1041,690
0.01,43,1,4,2
0.01,43,2,956,785
0.01,43,3,8,4
0.01,43,4,995,971
0.01,43,5,16,12
0.01,43,6,1010,620
0.01,43,7,8,2
0.01,43,8,998,755
0.01,43,9,8,7
0.01,43,10,941,855
0.01,43,11,15,13
0.01,44,0,985,643
0.01,44,1,9,3
0.01,44,2,1002,810
0.01,44,3,9,5
0.01,44,4,1007,975
0.01,44,5,16,8
0.01,44,6,961,594
0.01,44,7,15,9
0.01,44,8,1033,777
0.01,44,9,12,6
0.01,44,10,937,844
0.01,44,11,14,12
0.01,45,0,1006,648
0.01,45,1,12,2
0.01,45,2,973,809
0.01,45,3,12,10
0.01,45,4,969,937
0.01,45,5,9,7
0.01,45,6,1012,605
0.01,45,7,13,4
0.01,45,8,1009,782
0.01,45,9,16,12
0.01,45,10,960,874
0.01,45,11,9,8
0.01,46,0,1027,702
0.01,46,1,8,0
0.01,46,2,979,811
0.01,46,3,6,4
0.01,46,4,990,960
0.01,46,5,10,7
0.01,46,6,977,616
0.01,46,7,5,3
0.01,46,8,988,730
0.01,46,9,9,2
0.01,46,10,993,901
0.01,46,11,8,8
0.01,47,0,1022,662
0.01,47,1,16,7
0.01,47,2,996,827
0.01,47,3,13,10
0.01,47,4,1008,969
0.01,47,5,12,8
0.01,47,6,948,578
0.01,47,7,13,9
0.01,47,8,995,779
0.01,47,9,8,5
0.01,47,10,958,879
0.01,47,11,11,11
0.01,48,0,986,653
0.01,48,1,10,5
0.01,48,2,1008,816
0.01,48,3,13,6
0.01,48,4,1002,957
0.01,48,5,12,10
0.01,48,6,990,617
0.01,48,7,6,1
0.01,48,8,990,742
0.01,48,9,7,3
0.01,48,10,968,897
0.01,48,11,8,7
0.01,49,0,985,649
0.01,49,1,9,1
0.01,49,2,1003,838
0.01,49,3,4,2
0.01,49,4,1023,996
0.01,49,5,14,13
0.01,49,6,1003,628
0.01,49,7,11,5
0.01,49,8,959,715
0.01,49,9,12,7
0.01,49,10,972,882
0.01,49,11,5,1
0.01,50,0,977,672
0.01,50,1,8,3
0.01,50,2,1041,857
0.01,50,3,10,8
0.01,50,4,997,971
0.01,50,5,17,14
0.01,50,6,985,591
0.01,50,7,6,4
0.01,50,8,931,709
0.01,50,9,11,9
0.01,50,10,1003,915
0.01,50,11,14,12
0.01,51,0,1047,705
0.01,51,1,8,6
0.01,51,2,951,775
0.01,51,3,7,4
0.01,51,4,972,947
0.01,51,5,9,9
0.01,51,6,980,605
0.01,51,7,13,4
0.01,51,8,971,744
0.01,51,9,9,6
0.01,51,10,1014,936
0.01,51,11,19,15
0.01,52,0,1006,678
0.01,52,1,10,4
0.01,52,2,955,794
0.01,52,3,16,11
0.01,52,4,1023,992
0.01,52,5,8,2
0.01,52,6,1013,613
0.01,52,7,6,3
0.01,52,8,984,750
0.01,52,9,12,7
0.01,52,10,962,866
0.01,52,11,5,5
0.01,53,0,948,655
0.01,53,1,9,3
0.01,53,2,1049,857
0.01,53,3,11,6
0.01,53,4,978,942
0.01,53,5,20,13
0.01,53,6,953,586
0.01,53,7,8,7
0.01,53,8,1011,758
0.01,53,9,7,3
0.01,53,10,994,906
0.01,53,11,12,9
0.01,54,0,977,665
0.01,54,1,6,3
0.01,54,2,1035,840
0.01,54,3,9,8
0.01,54,4,1028,997
0.01,54,5,14,7
0.01,54,6,1012,658
0.01,54,7,11,3
0.01,54,8,945,728
0.01,54,9,12,7
0.01,54,10,943,855
0.01,54,11,8,8
0.01,55,0,994,663
0.01,55,1,10,2
0.01,55,2,1047,865
0.01,55,3,10,5
0.01,55,4,968,938
0.01,55,5,5,5
0.01,55,6,1000,620
0.01,55,7,16,7
0.01,55,8,979,734
0.01,55,9,16,8
0.01,55,10,947,862
0.01,55,11,8,7
0.01,56,0,932,616
0.01,56,1,17,6
0.01,56,2,942,780
0.01,56,3,8,4
0.01,56,4,1042,1017
0.01,56,5,11,8
0.01,56,6,1024,624
0.01,56,7,11,9
0.01,56,8,1013,781
0.01,56,9,13,7
0.01,56,10,970,881
0.01,56,11,17,13
0.01,57,0,1018,686
0.01,57,1,13,6
0.01,57,2,988,800
0.01,57,3,7,3
0.01,57,4,975,936
0.01,57,5,8,6
0.01,57,6,1002,608
0.01,57,7,10,4
0.01,57,8,933,715
0.01,57,9,11,6
0.01,57,10,1024,936
0.01,57,11,11,8
0.01,58,0,963,632
0.01,58,1,8,4
0.01,58,2,962,804
0.01,58,3,7,6
0.01,58,4,1021,994
0.01,58,5,10,9
0.01,58,6,968,571
0.01,58,7,9,4
0.01,58,8,1006,754
0.01,58,9,16,11
0.01,58,10,1016,927
0.01,58,11,14,9
0.01,59,0,989,656
0.01,59,1,6,2
0.01,59,2,1011,820
0.01,59,3,7,6
0.01,59,4,932,898
0.01,59,5,6,4
0.01,59,6,1053,619
0.01,59,7,12,3
0.01,59,8,965,733
0.01,59,9,13,5
0.01,59,10,1000,914
0.01,59,11,6,3
0.01,60,0,1015,664
0.01,60,1,5,2
0.01,60,2,1047,840
0.01,60,3,10,6
0.01,60,4,983,935
0.01,60,5,11,6
0.01,60,6,938,542
0.01,60,7,12,6
0.01,60,8,992,733
0.01,60,9,10,9
0.01,60,10,970,880
0.01,60,11,7,6
0.01,61,0,975,653
0.01,61,1,11,7
0.01,61,2,1024,815
0.01,61,3,20,11
0.01,61,4,958,935
0.01,61,5,11,6
0.01,61,6,1004,612
0.01,61,7,11,2
0.01,61,8,977,756
0.01,61,9,6,2
0.01,61,10,990,897
0.01,61,11,13,11
0.01,62,0,996,652
0.01,62,1,12,7
0.01,62,2,971,799
0.01,62,3,15,12
0.01,62,4,982,959
0.01,62,5,13,9
0.01,62,6,966,575
0.01,62,7,4,1
0.01,62,8,1009,754
0.01,62,9,7,3
0.01,62,10,1015,924
0.01,62,11,10,6
0.01,63,0,977,635
0.01,63,1,7,4
0.01,63,2,1022,833
0.01,63,3,7,3
0.01,63,4,999,975
0.01,63,5,9,7
0.01,63,6,1045,626
0.01,63,7,9,7
0.01,63,8,947,716
0.01,63,9,8,4
0.01,63,10,962,864
0.01,63,11,8,6
0.01,64,0,1047,703
0.01,64,1,5,3
0.01,64,2,955,775
0.01,64,3,6,3
0.01,64,4,1050,1022
0.01,64,5,7,4
0.01,64,6,948,595
0.01,64,7,10,2
0.01,64,8,1018,763
0.01,64,9,15,7
0.01,64,10,929,837
0.01,64,11,10,8
0.01,65,0,963,632
0.01,65,1,9,6
0.01,65,2,958,785
0.01,65,3,11,1
0.01,65,4,1023,994
0.01,65,5,7,5
0.01,65,6,983,604
0.01,65,7,4,0
0.01,65,8,1056,818
0.01,65,9,9,7
0.01,65,10,964,853
0.01,65,11,13,9
0.01,66,0,959,631
0.01,66,1,10,3
0.01,66,2,1003,835
0.01,66,3,9,3
0.01,66,4,979,947
0.01,66,5,13,8
0.01,66,6,1031,633
0.01,66,7,12,7
0.01,66,8,981,719
0.01,66,9,7,3
0.01,66,10,988,904
0.01,66,11,8,6
0.01,67,0,1016,702
0.01,67,1,10,3
0.01,67,2,974,819
0.01,67,3,9,5
0.01,67,4,992,958
0.01,67,5,6,6
0.01,67,6,1024,638
0.01,67,7,4,2
0.01,67,8,977,729
0.01,67,9,7,6
0.01,67,10,973,880
0.01,67,11,8,6
0.01,68,0,979,654
0.01,68,1,11,5
0.01,68,2,985,839
0.01,68,3,12,9
0.01,68,4,973,945
0.01,68,5,11,9
0.01,68,6,1003,590
0.01,68,7,12,4
0.01,68,8,1043,793
0.01,68,9,8,7
0.01,68,10,961,871
0.01,68,11,2,2
0.01,69,0,1006,690
0.01,69,1,13,2
0.01,69,2,976,802
0.01,69,3,9,4
0.01,69,4,951,916
0.01,69,5,13,10
0.01,69,6,1001,598
0.01,69,7,12,6
0.01,69,8,957,713
0.01,69,9,13,7
0.01,69,10,1037,937
0.01,69,11,12,10
0.01,70,0,978,674
0.01,70,1,8,1
0.01,70,2,930,763
0.01,70,3,10,7
0.01,70,4,1024,998
0.01,70,5,13,11
0.01,70,6,1018,610
0.01,70,7,9,5
0.01,70,8,1004,752
0.01,70,9,8,5
0.01,70,10,990,887
0.01,70,11,8,4
0.01,71,0,979,659
0.01,71,1,12,4
0.01,71,2,1030,847
0.01,71,3,5,4
0.01,71,4,1012,978
0.01,71,5,10,5
0.01,71,6,934,557
0.01,71,7,9,6
0.01,71,8,983,777
0.01,71,9,15,10
0.01,71,10,1003,920
0.01,71,11,8,6
0.01,72,0,991,671
0.01,72,1,8,5
0.01,72,2,957,801
0.01,72,3,8,6
0.01,72,4,1041,1003
0.01,72,5,8,8
0.01,72,6,931,562
0.01,72,7,9,7
0.01,72,8,1036,777
0.01,72,9,10,7
0.01,72,10,991,900
0.01,72,11,10,6
0.01,73,0,1012,685
0.01,73,1,8,5
0.01,73,2,1065,892
0.01,73,3,4,4
0.01,73,4,978,954
0.01,73,5,13,12
0.01,73,6,1011,614
0.01,73,7,6,1
0.01,73,8,937,719
0.01,73,9,6,6
0.01,73,10,953,864
0.01,73,11,7,6
0.01,74,0,1006,673
0.01,74,1,10,4
0.01,74,2,1029,840
0.01,74,3,12,7
0.01,74,4,962,937
0.01,74,5,11,7
0.01,74,6,1036,613
0.01,74,7,4,1
0.01,74,8,924,695
0.01,74,9,6,1
0.01,74,10,993,920
0.01,74,11,7,5
0.01,75,0,998,671
0.01,75,1,11,6
0.01,75,2,989,808
0.01,75,3,12,9
0.01,75,4,1003,968
0.01,75,5,9,5
0.01,75,6,977,593
0.01,75,7,7,4
0.01,75,8,1034,758
0.01,75,9,12,7
0.01,75,10,935,859
0.01,75,11,13,11
0.01,76,0,1003,682
0.01,76,1,6,2
0.01,76,2,980,808
0.01,76,3,16,9
0.01,76,4,987,948
0.01,76,5,7,5
0.01,76,6,977,611
0.01,76,7,8,3
0.01,76,8,1018,779
0.01,76,9,5,3
0.01,76,10,985,905
0.01,76,11,8,7
0.01,77,0,963,665
0.01,77,1,8,5
0.01,77,2,1003,825
0.01,77,3,9,6
0.01,77,4,977,949
0.01,77,5,9,8
0.01,77,6,979,612
0.01,77,7,11,3
0.01,77,8,1001,745
0.01,77,9,14,9
0.01,77,10,1009,917
0.01,77,11,17,12
0.01,78,0,970,659
0.01,78,1,10,4
0.01,78,2,1018,836
0.01,78,3,8,5
0.01,78,4,995,964
0.01,78,5,13,10
0.01,78,6,965,602
0.01,78,7,12,8
0.01,78,8,1008,769
0.01,78,9,15,11
0.01,78,10,980,881
0.01,78,11,6,5
0.01,79,0,1035,710
0.01,79,1,15,8
0.01,79,2,978,815
0.01,79,3,6,2
0.01,79,4,997,975
0.01,79,5,6,4
0.01,79,6,996,575
0.01,79,7,11,4
0.01,79,8,973,740
0.01,79,9,15,7
0.01,79,10,963,894
0.01,79,11,5,2
0.01,80,0,937,622
0.01,80,1,5,3
0.01,80,2,1015,837
0.01,80,3,8,5
0.01,80,4,1004,969
0.01,80,5,12,10
0.01,80,6,962,588
0.01,80,7,8,4
0.01,80,8,1040,772
0.01,80,9,11,6
0.01,80,10,990,893
0.01,80,11,8,6
0.01,81,0,1013,688
0.01,81,1,14,6
0.01,81,2,1007,828
0.01,81,3,10,6
0.01,81,4,1010,983
0.01,81,5,8,4
0.01,81,6,924,591
0.01,81,7,12,3
0.01,81,8,971,713
0.01,81,9,9,5
0.01,81,10,1010,931
0.01,81,11,12,10
0.01,82,0,950,623
0.01,82,1,9,5
0.01,82,2,1052,852
0.01,82,3,8,5
0.01,82,4,904,873
0.01,82,5,10,8
0.01,82,6,992,605
0.01,82,7,6,2
0.01,82,8,1007,764
0.01,82,9,13,9
0.01,82,10,1042,963
0.01,82,11,7,7
0.01,83,0,1013,678
0.01,83,1,11,5
0.01,83,2,990,788
0.01,83,3,8,6
0.01,83,4,1010,985
0.01,83,5,9,7
0.01,83,6,994,595
0.01,83,7,10,6
0.01,83,8,994,740
0.01,83,9,10,6
0.01,83,10,942,867
0.01,83,11,9,9
0.01,84,0,965,639
0.01,84,1,11,6
0.01,84,2,1000,814
0.01,84,3,13,8
0.01,84,4,987,960
0.01,84,5,9,8
0.01,84,6,999,574
0.01,84,7,12,8
0.01,84,8,988,758
0.01,84,9,6,3
0.01,84,10,1001,902
0.01,84,11,9,7
0.01,85,0,966,635
0.01,85,1,10,3
0.01,85,2,981,812
0.01,85,3,13,9
0.01,85,4,978,950
0.01,85,5,7,5
0.01,85,6,1036,654
0.01,85,7,10,7
0.01,85,8,950,729
0.01,85,9,16,11
0.01,85,10,1025,932
0.01,85,11,8,6
0.01,86,0,1030,705
0.01,86,1,11,6
0.01,86,2,990,797
0.01,86,3,12,9
0.01,86,4,897,863
0.01,86,5,9,6
0.01,86,6,1024,610
0.01,86,7,8,3
0.01,86,8,1003,772
0.01,86,9,16,11
0.01,86,10,989,899
0.01,86,11,11,9
0.01,87,0,990,646
0.01,87,1,7,1
0.01,87,2,1004,810
0.01,87,3,7,5
0.01,87,4,1002,966
0.01,87,5,12,9
0.01,87,6,956,571
0.01,87,7,3,0
0.01,87,8,998,769
0.01,87,9,14,7
0.01,87,10,995,913
0.01,87,11,12,11
0.01,88,0,965,623
0.01,88,1,11,8
0.01,88,2,1011,825
0.01,88,3,6,2
0.01,88,4,987,970
0.01,88,5,7,3
0.01,88,6,979,614
0.01,88,7,11,4
0.01,88,8,1031,796
0.01,88,9,13,10
0.01,88,10,971,885
0.01,88,11,8,7
0.01,89,0,991,660
0.01,89,1,12,4
0.01,89,2,959,769
0.01,89,3,14,6
0.01,89,4,1009,981
0.01,89,5,10,9
0.01,89,6,960,580
0.01,89,7,7,5
0.01,89,8,1012,793
0.01,89,9,12,6
0.01,89,10,1005,906
0.01,89,11,9,5
0.01,90,0,980,651
0.01,90,1,10,6
0.01,90,2,985,811
0.01,90,3,6,4
0.01,90,4,1000,974
0.01,90,5,9,9
0.01,90,6,986,623
0.01,90,7,13,9
0.01,90,8,997,769
0.01,90,9,11,7
0.01,90,10,995,918
0.01,90,11,8,7
0.01,91,0,959,644
0.01,91,1,13,8
0.01,91,2,970,791
0.01,91,3,14,9
0.01,91,4,973,931
0.01,91,5,9,6
0.01,91,6,1043,634
0.01,91,7,13,8
0.01,91,8,1013,756
0.01,91,9,10,6
0.01,91,10,976,889
0.01,91,11,7,5
0.01,92,0,1035,680
0.01,92,1,9,4
0.01,92,2,1005,827
0.01,92,3,13,3
0.01,92,4,977,944
0.01,92,5,11,8
0.01,92,6,968,587
0.01,92,7,7,5
0.01,92,8,990,747
0.01,92,9,9,8
0.01,92,10,965,881
0.01,92,11,11,9
0.01,93,0,1058,725
0.01,93,1,9,3
0.01,93,2,972,774
0.01,93,3,5,3
0.01,93,4,943,917
0.01,93,5,17,14
0.01,93,6,995,594
0.01,93,7,15,8
0.01,93,8,989,757
0.01,93,9,15,11
0.01,93,10,977,884
0.01,93,11,5,5
0.01,94,0,963,623
0.01,94,1,12,8
0.01,94,2,979,796
0.01,94,3,8,5
0.01,94,4,993,961
0.01,94,5,8,6
0.01,94,6,987,581
0.01,94,7,9,6
0.01,94,8,1036,777
0.01,94,9,7,5
0.01,94,10,990,890
0.01,94,11,8,7
0.01,95,0,980,640
0.01,95,1,8,4
0.01,95,2,999,835
0.01,95,3,10,9
0.01,95,4,959,937
0.01,95,5,13,7
0.01,95,6,1017,619
0.01,95,7,10,5
0.01,95,8,975,727
0.01,95,9,9,7
0.01,95,10,1007,912
0.01,95,11,13,11
0.01,96,0,1006,654
0.01,96,1,10,2
0.01,96,2,1037,881
0.01,96,3,16,9
0.01,96,4,1010,979
0.01,96,5,12,10
0.01,96,6,966,571
0.01,96,7,9,6
0.01,96,8,976,745
0.01,96,9,10,6
0.01,96,10,937,854
0.01,96,11,11,5
0.01,97,0,1020,692
0.01,97,1,10,5
0.01,97,2,1065,862
0.01,97,3,12,7
0.01,97,4,963,941
0.01,97,5,8,8
0.01,97,6,964,605
0.01,97,7,7,5
0.01,97,8,953,718
0.01,97,9,5,4
0.01,97,10,978,911
0.01,97,11,15,12
0.01,98,0,979,645
0.01,98,1,6,2
0.01,98,2,1005,823
0.01,98,3,5,1
0.01,98,4,991,955
0.01,98,5,7,5
0.01,98,6,981,613
0.01,98,7,9,4
0.01,98,8,982,727
0.01,98,9,11,7
0.01,98,10,1013,910
0.01,98,11,11,11
0.01,99,0,998,675
0.01,99,1,10,3
0.01,99,2,1017,845
0.01,99,3,10,4
0.01,99,4,983,955
0.01,99,5,15,10
0.01,99,6,981,591
0.01,99,7,9,5
0.01,99,8,980,730
0.01,99,9,15,12
0.01,99,10,973,880
0.01,99,11,9,9
0.01,100,0,1011,685
0.01,100,1,16,12
0.01,100,2,986,780
0.01,100,3,14,9
0.01,100,4,1026,991
0.01,100,5,17,13
0.01,100,6,955,596
0.01,100,7,10,3
0.01,100,8,987,756
0.01,100,9,19,16
0.01,100,10,950,854
0.01,100,11,9,7
0.01,101,0,1047,695
0.01,101,1,12,6
0.01,101,2,1008,826
0.01,101,3,14,9
0.01,101,4,987,966
0.01,101,5,16,13
0.01,101,6,936,556
0.01,101,7,11,8
0.01,101,8,1004,753
0.01,101,9,13,8
0.01,101,10,942,841
0.01,101,11,10,8
0.01,102,0,968,623
0.01,102,1,13,6
0.01,102,2,977,816
0.01,102,3,10,6
0.01,102,4,987,963
0.01,102,5,12,11
0.01,102,6,991,597
0.01,102,7,19,10
0.01,102,8,1037,761
0.01,102,9,10,7
0.01,102,10,964,880
0.01,102,11,12,8
0.01,103,0,1002,664
0.01,103,1,7,4
0.01,103,2,979,794
0.01,103,3,11,7
0.01,103,4,1020,987
0.01,103,5,10,10
0.01,103,6,912,574
0.01,103,7,6,2
0.01,103,8,1030,785
0.01,103,9,15,9
0.01,103,10,997,903
0.01,103,11,11,8
0.01,104,0,1000,653
0.01,104,1,9,5
0.01,104,2,984,827
0.01,104,3,13,8
0.01,104,4,963,939
0.01,104,5,12,9
0.01,104,6,991,597
0.01,104,7,10,6
0.01,104,8,1010,764
0.01,104,9,13,6
0.01,104,10,985,894
0.01,104,11,10,9
0.01,105,0,983,654
0.01,105,1,6,3
0.01,105,2,1010,825
0.01,105,3,7,4
0.01,105,4,1012,976
0.01,105,5,11,7
0.01,105,6,971,587
0.01,105,7,12,6
0.01,105,8,984,752
0.01,105,9,8,5
0.01,105,10,986,893
0.01,105,11,10,8
0.01,106,0,972,649
0.01,106,1,16,4
0.01,106,2,984,807
0.01,106,3,7,6
0.01,106,4,1017,985
0.01,106,5,11,7
0.01,106,6,941,582
0.01,106,7,7,2
0.01,106,8,1029,792
0.01,106,9,12,9
0.01,106,10,995,912
0.01,106,11,9,6
0.01,107,0,1015,703
0.01,107,1,10,3
0.01,107,2,967,819
0.01,107,3,18,12
0.01,107,4,954,922
0.01,107,5,8,4
0.01,107,6,1013,600
0.01,107,7,6,2
0.01,107,8,994,736
0.01,107,9,8,5
0.01,107,10,999,906
0.01,107,11,8,7
0.01,108,0,1001,662
0.01,108,1,6,3
0.01,108,2,1002,809
0.01,108,3,6,3
0.01,108,4,973,950
0.01,108,5,9,5
0.01,108,6,1008,622
0.01,108,7,10,5
0.01,108,8,1004,773
0.01,108,9,21,14
0.01,108,10,953,859
0.01,108,11,7,6
0.01,109,0,985,639
0.01,109,1,12,6
0.01,109,2,982,810
0.01,109,3,7,2
0.01,109,4,976,944
0.01,109,5,10,6
0.01,109,6,1002,602
0.01,109,7,7,3
0.01,109,8,931,699
0.01,109,9,10,6
0.01,109,10,1066,984
0.01,109,11,12,10
0.01,110,0,1019,706
0.01,110,1,8,5
0.01,110,2,1005,812
0.01,110,3,11,5
0.01,110,4,961,934
0.01,110,5,10,7
0.01,110,6,1001,610
0.01,110,7,11,6
0.01,110,8,979,737
0.01,110,9,9,4
0.01,110,10,975,885
0.01,110,11,11,9
0.01,111,0,993,679
0.01,111,1,10,6
0.01,111,2,997,819
0.01,111,3,6,4
0.01,111,4,996,959
0.01,111,5,9,5
0.01,111,6,1035,623
0.01,111,7,9,3
0.01,111,8,945,723
0.01,111,9,8,6
0.01,111,10,981,888
0.01,111,11,11,10
0.01,112,0,949,651
0.01,112,1,13,9
0.01,112,2,994,808
0.01,112,3,10,5
0.01,112,4,994,969
0.01,112,5,8,8
0.01,112,6,1051,634
0.01,112,7,13,6
0.01,112,8,925,698
0.01,112,9,18,11
0.01,112,10,1015,913
0.01,112,11,10,7
0.01,113,0,987,679
0.01,113,1,7,4
0.01,113,2,1013,847
0.01,113,3,21,11
0.01,113,4,1012,978
0.01,113,5,5,4
0.01,113,6,1001,597
0.01,113,7,10,8
0.01,113,8,974,751
0.01,113,9,8,4
0.01,113,10,951,872
0.01,113,11,11,4
0.01,114,0,933,619
0.01,114,1,9,6
0.01,114,2,1022,835
0.01,114,3,11,5
0.01,114,4,1001,976
0.01,114,5,14,12
0.01,114,6,993,609
0.01,114,7,4,0
0.01,114,8,1024,796
0.01,114,9,8,2
0.01,114,10,962,884
0.01,114,11,19,16
0.01,115,0,1012,676
0.01,115,1,10,6
0.01,115,2,977,818
0.01,115,3,6,4
0.01,115,4,1015,972
0.01,115,5,7,4
0.01,115,6,1005,613
0.01,115,7,7,4
0.01,115,8,994,779
0.01,115,9,9,7
0.01,115,10,947,849
0.01,115,11,11,8
0.01,116,0,952,670
0.01,116,1,16,7
0.01,116,2,928,773
0.01,116,3,11,6
0.01,116,4,1005,977
0.01,116,5,9,8
0.01,116,6,1036,642
0.01,116,7,7,5
0.01,116,8,960,720
0.01,116,9,5,0
0.01,116,10,1062,967
0.01,116,11,9,6
0.01,117,0,1011,658
0.01,117,1,11,5
0.01,117,2,984,824
0.01,117,3,8,6
0.01,117,4,1018,990
0.01,117,5,7,7
0.01,117,6,972,614
0.01,117,7,8,5
0.01,117,8,940,700
0.01,117,9,14,8
0.01,117,10,1013,924
0.01,117,11,14,8
0.01,118,0,1000,650
0.01,118,1,10,5
0.01,118,2,952,783
0.01,118,3,15,8
0.01,118,4,980,956
0.01,118,5,6,4
0.01,118,6,986,610
0.01,118,7,9,4
0.01,118,8,1013,775
0.01,118,9,10,8
0.01,118,10,1008,913
0.01,118,11,11,9
0.01,119,0,926,621
0.01,119,1,13,4
0.01,119,2,969,768
0.01,119,3,4,4
0.01,119,4,1056,1022
0.01,119,5,10,3
0.01,119,6,1076,667
0.01,119,7,13,8
0.01,119,8,939,715
0.01,119,9,11,7
0.01,119,10,974,895
0.01,119,11,9,6
0.01,120,0,999,650
0.01,120,1,8,2
0.01,120,2,1007,809
0.01,120,3,10,7
0.01,120,4,1005,981
0.01,120,5,17,10
0.01,120,6,1021,615
0.01,120,7,9,4
0.01,120,8,965,753
0.01,120,9,10,6
0.01,120,10,941,848
0.01,120,11,8,8
0.01,121,0,1024,705
0.01,121,1,13,6
0.01,121,2,994,829
0.01,121,3,12,8
0.01,121,4,992,957
0.01,121,5,7,5
0.01,121,6,937,569
0.01,121,7,11,6
0.01,121,8,1040,767
0.01,121,9,12,9
0.01,121,10,948,869
0.01,121,11,10,8
0.01,122,0,984,665
0.01,122,1,9,2
0.01,122,2,960,799
0.01,122,3,10,6
0.01,122,4,967,940
0.01,122,5,15,9
0.01,122,6,1051,654
0.01,122,7,11,4
0.01,122,8,1021,768
0.01,122,9,13,7
0.01,122,10,950,852
0.01,122,11,9,8
0.01,123,0,1043,670
0.01,123,1,7,4
0.01,123,2,985,794
0.01,123,3,13,9
0.01,123,4,1022,988
0.01,123,5,13,10
0.01,123,6,988,603
0.01,123,7,7,5
0.01,123,8,946,732
0.01,123,9,12,7
0.01,123,10,953,872
0.01,123,11,11,7
0.01,124,0,988,702
0.01,124,1,7,3
0.01,124,2,1013,828
0.01,124,3,9,6
0.01,124,4,1003,972
0.01,124,5,18,13
0.01,124,6,958,590
0.01,124,7,10,7
0.01,124,8,997,719
0.01,124,9,5,3
0.01,124,10,987,888
0.01,124,11,5,3
0.01,125,0,998,663
0.01,125,1,9,3
0.01,125,2,997,815
0.01,125,3,12,7
0.01,125,4,1004,979
0.01,125,5,11,7
0.01,125,6,931,573
0.01,125,7,13,7
0.01,125,8,1018,786
0.01,125,9,8,2
0.01,125,10,997,900
0.01,125,11,2,1
0.01,126,0,934,626
0.01,126,1,6,2
0.01,126,2,1090,869
0.01,126,3,6,2
0.01,126,4,1015,983
0.01,126,5,12,9
0.01,126,6,971,606
0.01,126,7,9,4
0.01,126,8,967,751
0.01,126,9,6,1
0.01,126,10,972,886
0.01,126,11,12,11
0.01,127,0,983,646
0.01,127,1,8,3
0.01,127,2,1030,828
0.01,127,3,10,5
0.01,127,4,923,891
0.01,127,5,8,7
0.01,127,6,956,616
0.01,127,7,7,5
0.01,127,8,970,742
0.01,127,9,14,9
0.01,127,10,1082,979
0.01,127,11,9,7
0.01,128,0,1016,668
0.01,128,1,9,7
0.01,128,2,1013,803
0.01,128,3,10,2
0.01,128,4,995,968
0.01,128,5,13,12
0.01,128,6,953,563
0.01,128,7,11,5
0.01,128,8,975,749
0.01,128,9,17,9
0.01,128,10,983,908
0.01,128,11,5,3
0.01,129,0,1008,677
0.01,129,1,14,9
0.01,129,2,960,795
0.01,129,3,8,4
0.01,129,4,953,933
0.01,129,5,5,2
0.01,129,6,1004,597
0.01,129,7,12,5
0.01,129,8,987,742
0.01,129,9,8,7
0.01,129,10,1029,937
0.01,129,11,12,8
0.01,130,0,1023,675
0.01,130,1,8,5
0.01,130,2,973,793
0.01,130,3,9,5
0.01,130,4,959,929
0.01,130,5,12,7
0.01,130,6,973,582
0.01,130,7,12,4
0.01,130,8,1042,806
0.01,130,9,15,10
0.01,130,10,965,888
0.01,130,11,9,8
0.01,131,0,1007,666
0.01,131,1,10,3
0.01,131,2,993,828
0.01,131,3,17,8
0.01,131,4,1011,990
0.01,131,5,11,7
0.01,131,6,987,605
0.01,131,7,6,3
0.01,131,8,1005,787
0.01,131,9,14,11
0.01,131,10,933,856
0.01,131,11,6,5
0.01,132,0,954,648
0.01,132,1,12,4
0.01,132,2,1014,829
0.01,132,3,15,10
0.01,132,4,1048,1014
0.01,132,5,7,3
0.01,132,6,1032,627
0.01,132,7,7,3
0.01,132,8,915,680
0.01,132,9,15,10
0.01,132,10,978,886
0.01,132,11,3,2
0.01,133,0,1059,725
0.01,133,1,9,6
0.01,133,2,987,814
0.01,133,3,8,5
0.01,133,4,984,953
0.01,133,5,12,8
0.01,133,6,1009,637
0.01,133,7,10,7
0.01,133,8,942,733
0.01,133,9,12,5
0.01,133,10,961,885
0.01,133,11,7,5
0.01,134,0,988,653
0.01,134,1,8,3
0.01,134,2,1031,847
0.01,134,3,9,6
0.01,134,4,1008,968
0.01,134,5,5,4
0.01,134,6,958,584
0.01,134,7,5,1
0.01,134,8,982,752
0.01,134,9,6,3
0.01,134,10,989,902
0.01,134,11,11,8
0.01,135,0,1018,692
0.01,135,1,14,6
0.01,135,2,1062,865
0.01,135,3,7,4
0.01,135,4,982,950
0.01,135,5,10,7
0.01,135,6,965,555
0.01,135,7,14,6
0.01,135,8,952,728
0.01,135,9,16,10
0.01,135,10,950,854
0.01,135,11,10,8
0.01,136,0,996,687
0.01,136,1,6,3
0.01,136,2,970,811
0.01,136,3,10,3
0.01,136,4,1050,1022
0.01,136,5,7,5
0.01,136,6,964,600
0.01,136,7,7,3
0.01,136,8,970,736
0.01,136,9,11,7
0.01,136,10,998,905
0.01,136,11,11,8
0.01,137,0,1002,701
0.01,137,1,9,8
0.01,137,2,1011,826
0.01,137,3,10,4
0.01,137,4,1007,978
0.01,137,5,5,5
0.01,137,6,967,620
0.01,137,7,12,3
0.01,137,8,959,736
0.01,137,9,7,5
0.01,137,10,1001,894
0.01,137,11,10,10
0.01,138,0,990,674
0.01,138,1,10,4
0.01,138,2,1000,777
0.01,138,3,7,4
0.01,138,4,957,938
0.01,138,5,9,4
0.01,138,6,1008,609
0.01,138,7,9,4
0.01,138,8,1021,781
0.01,138,9,8,4
0.01,138,10,968,879
0.01,138,11,13,11
0.01,139,0,990,663
0.01,139,1,7,1
0.01,139,2,940,754
0.01,139,3,6,3
0.01,139,4,971,945
0.01,139,5,14,7
0.01,139,6,976,599
0.01,139,7,7,4
0.01,139,8,996,781
0.01,139,9,8,7
0.01,139,10,1076,984
0.01,139,11,9,5
0.01,140,0,1008,676
0.01,140,1,12,3
0.01,140,2,969,812
0.01,140,3,10,6
0.01,140,4,1014,977
0.01,140,5,7,6
0.01,140,6,1065,645
0.01,140,7,11,8
0.01,140,8,925,677
0.01,140,9,10,6
0.01,140,10,963,881
0.01,140,11,6,3
0.01,141,0,979,617
0.01,141,1,10,4
0.01,141,2,1018,849
0.01,141,3,8,4
0.01,141,4,984,960
0.01,141,5,12,6
0.01,141,6,1011,621
0.01,141,7,13,2
0.01,141,8,1002,762
0.01,141,9,7,6
0.01,141,10,950,870
0.01,141,11,6,6
0.01,142,0,985,653
0.01,142,1,11,3
0.01,142,2,928,756
0.01,142,3,15,7
0.01,142,4,1008,983
0.01,142,5,9,4
0.01,142,6,1008,614
0.01,142,7,13,4
0.01,142,8,986,739
0.01,142,9,12,8
0.01,142,10,1017,936
0.01,142,11,8,7
0.01,143,0,966,633
0.01,143,1,10,4
0.01,143,2,1005,827
0.01,143,3,14,8
0.01,143,4,1015,979
0.01,143,5,9,9
0.01,143,6,975,601
0.01,143,7,12,6
0.01,143,8,973,742
0.01,143,9,12,9
0.01,143,10,993,905
0.01,143,11,16,14
0.01,144,0,967,645
0.01,144,1,8,4
0.01,144,2,985,794
0.01,144,3,6,4
0.01,144,4,1028,1000
0.01,144,5,7,3
0.01,144,6,1019,637
0.01,144,7,5,3
0.01,144,8,965,738
0.01,144,9,13,9
0.01,144,10,991,904
0.01,144,11,6,5
0.01,145,0,1023,664
0.01,145,1,14,7
0.01,145,2,948,787
0.01,145,3,11,6
0.01,145,4,969,946
0.01,145,5,8,5
0.01,145,6,1035,641
0.01,145,7,9,2
0.01,145,8,970,729
0.01,145,9,1,0
0.01,145,10,1002,914
0.01,145,11,10,10
0.01,146,0,971,642
0.01,146,1,9,3
0.01,146,2,969,791
0.01,146,3,7,4
0.01,146,4,969,949
0.01,146,5,6,3
0.01,146,6,967,570
0.01,146,7,9,3
0.01,146,8,1021,783
0.01,146,9,14,9
0.01,146,10,1049,960
0.01,146,11,9,6
0.01,147,0,1053,731
0.01,147,1,11,2
0.01,147,2,976,826
0.01,147,3,8,5
0.01,147,4,947,925
0.01,147,5,9,5
0.01,147,6,964,591
0.01,147,7,7,3
0.01,147,8,1002,769
0.01,147,9,6,5
0.01,147,10,1001,904
0.01,147,11,16,11
0.01,148,0,1010,638
0.01,148,1,12,4
0.01,148,2,1017,853
0.01,148,3,15,9
0.01,148,4,988,962
0.01,148,5,11,8
0.01,148,6,987,597
0.01,148,7,21,10
0.01,148,8,946,725
0.01,148,9,16,7
0.01,148,10,971,899
0.01,148,11,6,6
0.01,149,0,981,631
0.01,149,1,8,4
0.01,149,2,979,795
0.01,149,3,19,12
0.01,149,4,1021,994
0.01,149,5,13,9
0.01,149,6,943,582
0.01,149,7,12,6
0.01,149,8,999,759
0.01,149,9,13,9
0.01,149,10,998,904
0.01,149,11,14,10
0.01,150,0,935,596
0.01,150,1,13,6
0.01,150,2,987,819
0.01,150,3,12,8
0.01,150,4,997,972
0.01,150,5,8,5
0.01,150,6,997,606
0.01,150,7,11,4
0.01,150,8,997,762
0.01,150,9,10,5
0.01,150,10,1022,943
0.01,150,11,11,7
0.01,151,0,1009,705
0.01,151,1,12,4
0.01,151,2,1014,824
0.01,151,3,10,7
0.01,151,4,928,903
0.01,151,5,9,7
0.01,151,6,1029,602
0.01,151,7,15,5
0.01,151,8,995,772
0.01,151,9,7,3
0.01,151,10,955,875
0.01,151,11,17,13
0.01,152,0,992,671
0.01,152,1,5,3
0.01,152,2,1002,817
0.01,152,3,12,9
0.01,152,4,975,942
0.01,152,5,14,9
0.01,152,6,996,606
0.01,152,7,14,7
0.01,152,8,969,723
0.01,152,9,15,9
0.01,152,10,993,894
0.01,152,11,13,11
0.01,153,0,948,614
0.01,153,1,9,4
0.01,153,2,927,763
0.01,153,3,11,7
0.01,153,4,1059,1032
0.01,153,5,17,13
0.01,153,6,1012,642
0.01,153,7,13,5
0.01,153,8,977,749
0.01,153,9,9,6
0.01,153,10,1012,907
0.01,153,11,6,5
0.01,154,0,999,683
0.01,154,1,7,5
0.01,154,2,952,776
0.01,154,3,6,2
0.01,154,4,991,953
0.01,154,5,14,12
0.01,154,6,995,571
0.01,154,7,17,5
0.01,154,8,1007,792
0.01,154,9,2,1
0.01,154,10,997,917
0.01,154,11,13,11
0.01,155,0,966,618
0.01,155,1,9,2
0.01,155,2,1033,866
0.01,155,3,12,4
0.01,155,4,953,922
0.01,155,5,9,6
0.01,155,6,998,600
0.01,155,7,12,4
0.01,155,8,991,739
0.01,155,9,9,7
0.01,155,10,1001,904
0.01,155,11,7,4
0.01,156,0,1001,688
0.01,156,1,6,0
0.01,156,2,979,794
0.01,156,3,12,6
0.01,156,4,1002,981
0.01,156,5,16,16
0.01,156,6,1009,603
0.01,156,7,13,6
0.01,156,8,951,731
0.01,156,9,9,6
0.01,156,10,993,915
0.01,156,11,9,8
0.01,157,0,960,669
0.01,157,1,9,2
0.01,157,2,992,807
0.01,157,3,14,9
0.01,157,4,958,938
0.01,157,5,14,11
0.01,157,6,1045,632
0.01,157,7,5,3
0.01,157,8,977,735
0.01,157,9,14,9
0.01,157,10,996,911
0.01,157,11,16,13
0.01,158,0,1004,672
0.01,158,1,12,3
0.01,158,2,1060,866
0.01,158,3,18,12
0.01,158,4,929,896
0.01,158,5,10,9
0.01,158,6,960,574
0.01,158,7,5,4
0.01,158,8,957,743
0.01,158,9,8,5
0.01,158,10,1025,937
0.01,158,11,12,11
0.01,159,0,976,675
0.01,159,1,9,6
0.01,159,2,958,796
0.01,159,3,9,5
0.01,159,4,996,970
0.01,159,5,6,2
0.01,159,6,1003,613
0.01,159,7,10,2
0.01,159,8,1009,768
0.01,159,9,12,7
0.01,159,10,997,907
0.01,159,11,15,13
0.01,160,0,1000,657
0.01,160,1,9,4
0.01,160,2,1003,808
0.01,160,3,9,4
0.01,160,4,1012,981
0.01,160,5,10,7
0.01,160,6,987,602
0.01,160,7,7,6
0.01,160,8,965,751
0.01,160,9,9,6
0.01,160,10,981,892
0.01,160,11,8,7
0.01,161,0,985,648
0.01,161,1,8,3
0.01,161,2,978,785
0.01,161,3,7,3
0.01,161,4,973,942
0.01,161,5,10,8
0.01,161,6,992,584
0.01,161,7,11,6
0.01,161,8,1003,755
0.01,161,9,12,8
0.01,161,10,1016,916
0.01,161,11,5,3
0.01,162,0,982,648
0.01,162,1,11,4
0.01,162,2,979,793
0.01,162,3,11,9
0.01,162,4,1001,965
0.01,162,5,11,8
0.01,162,6,1023,632
0.01,162,7,12,6
0.01,162,8,940,712
0.01,162,9,5,2
0.01,162,10,1016,912
0.01,162,11,9,5
0.01,163,0,974,670
0.01,163,1,10,4
0.01,163,2,973,788
0.01,163,3,10,5
0.01,163,4,1022,984
0.01,163,5,10,6
0.01,163,6,1014,628
0.01,163,7,14,8
0.01,163,8,989,740
0.01,163,9,10,7
0.01,163,10,962,879
0.01,163,11,12,11
0.01,164,0,975,662
0.01,164,1,9,3
0.01,164,2,996,816
0.01,164,3,16,7
0.01,164,4,1031,1008
0.01,164,5,6,5
0.01,164,6,976,584
0.01,164,7,13,3
0.01,164,8,939,710
0.01,164,9,11,6
0.01,164,10,1016,916
0.01,164,11,12,10
0.01,165,0,994,678
0.01,165,1,12,6
0.01,165,2,992,825
0.01,165,3,17,10
0.01,165,4,979,958
0.01,165,5,11,7
0.01,165,6,985,594
0.01,165,7,14,7
0.01,165,8,1013,778
0.01,165,9,11,5
0.01,165,10,954,884
0.01,165,11,18,14
0.01,166,0,1039,710
0.01,166,1,11,6
0.01,166,2,944,796
0.01,166,3,11,7
0.01,166,4,1015,986
0.01,166,5,8,7
0.01,166,6,1029,659
0.01,166,7,15,8
0.01,166,8,952,711
0.01,166,9,15,8
0.01,166,10,957,875
0.01,166,11,4,4
0.01,167,0,961,631
0.01,167,1,10,4
0.01,167,2,961,794
0.01,167,3,9,6
0.01,167,4,988,967
0.01,167,5,15,10
0.01,167,6,993,583
0.01,167,7,10,6
0.01,167,8,1047,807
0.01,167,9,10,8
0.01,167,10,988,898
0.01,167,11,8,6
0.01,168,0,1010,703
0.01,168,1,13,10
0.01,168,2,969,773
0.01,168,3,9,4
0.01,168,4,969,930
0.01,168,5,6,6
0.01,168,6,984,611
0.01,168,7,13,6
0.01,168,8,999,765
0.01,168,9,8,5
0.01,168,10,1014,934
0.01,168,11,6,5
0.01,169,0,984,665
0.01,169,1,10,6
0.01,169,2,1036,851
0.01,169,3,7,3
0.01,169,4,1029,998
0.01,169,5,14,9
0.01,169,6,959,580
0.01,169,7,9,6
0.01,169,8,949,709
0.01,169,9,14,5
0.01,169,10,972,876
0.01,169,11,17,15
0.01,170,0,947,632
0.01,170,1,5,2
0.01,170,2,965,794
0.01,170,3,11,7
0.01,170,4,995,968
0.01,170,5,10,6
0.01,170,6,992,595
0.01,170,7,7,6
0.01,170,8,994,743
0.01,170,9,6,2
0.01,170,10,1057,967
0.01,170,11,11,10
0.01,171,0,953,671
0.01,171,1,10,3
0.01,171,2,971,803
0.01,171,3,10,7
0.01,171,4,1010,977
0.01,171,5,14,11
0.01,171,6,1032,664
0.01,171,7,12,5
0.01,171,8,1005,768
0.01,171,9,7,5
0.01,171,10,962,882
0.01,171,11,14,11
0.01,172,0,949,653
0.01,172,1,11,7
0.01,172,2,995,830
0.01,172,3,9,5
0.01,172,4,1000,973
0.01,172,5,7,5
0.01,172,6,1005,625
0.01,172,7,9,4
0.01,172,8,1029,788
0.01,172,9,12,9
0.01,172,10,968,884
0.01,172,11,6,4
0.01,173,0,965,650
0.01,173,1,8,3
0.01,173,2,1015,839
0.01,173,3,11,8
0.01,173,4,969,949
0.01,173,5,14,10
0.01,173,6,981,601
0.01,173,7,11,6
0.01,173,8,1039,799
0.01,173,9,10,7
0.01,173,10,966,877
0.01,173,11,11,10
0.01,174,0,967,671
0.01,174,1,16,5
0.01,174,2,1047,852
0.01,174,3,14,10
0.01,174,4,954,911
0.01,174,5,9,9
0.01,174,6,974,587
0.01,174,7,7,5
0.01,174,8,970,744
0.01,174,9,12,7
0.01,174,10,1018,921
0.01,174,11,12,7
0.01,175,0,1005,668
0.01,175,1,6,3
0.01,175,2,985,801
0.01,175,3,8,7
0.01,175,4,973,947
0.01,175,5,8,6
0.01,175,6,981,581
0.01,175,7,12,4
0.01,175,8,975,761
0.01,175,9,7,6
0.01,175,10,1027,935
0.01,175,11,13,11
0.01,176,0,1029,668
0.01,176,1,15,7
0.01,176,2,962,794
0.01,176,3,7,5
0.01,176,4,964,931
0.01,176,5,9,6
0.01,176,6,1031,615
0.01,176,7,6,3
0.01,176,8,932,735
0.01,176,9,12,7
0.01,176,10,1024,927
0.01,176,11,9,6
0.01,177,0,1011,704
0.01,177,1,11,6
0.01,177,2,980,821
0.01,177,3,7,3
0.01,177,4,964,936
0.01,177,5,4,4
0.01,177,6,1024,632
0.01,177,7,8,7
0.01,177,8,1041,791
0.01,177,9,8,5
0.01,177,10,933,858
0.01,177,11,9,8
0.01,178,0,950,649
0.01,178,1,3,1
0.01,178,2,1000,845
0.01,178,3,12,7
0.01,178,4,994,969
0.01,178,5,12,11
0.01,178,6,1040,633
0.01,178,7,15,9
0.01,178,8,982,743
0.01,178,9,12,8
0.01,178,10,970,883
0.01,178,11,10,7
0.01,179,0,936,642
0.01,179,1,9,2
0.01,179,2,1023,848
0.01,179,3,16,9
0.01,179,4,1028,996
0.01,179,5,10,8
0.01,179,6,957,608
0.01,179,7,11,3
0.01,179,8,958,747
0.01,179,9,14,11
0.01,179,10,1032,944
0.01,179,11,6,4
0.01,180,0,998,675
0.01,180,1,10,3
0.01,180,2,994,821
0.01,180,3,10,4
0.01,180,4,956,938
0.01,180,5,14,13
0.01,180,6,979,615
0.01,180,7,9,1
0.01,180,8,993,752
0.01,180,9,13,10
0.01,180,10,1015,923
0.01,180,11,9,8
0.01,181,0,964,640
0.01,181,1,9,4
0.01,181,2,992,803
0.01,181,3,10,5
0.01,181,4,1005,964
0.01,181,5,10,7
0.01,181,6,930,578
0.01,181,7,14,5
0.01,181,8,998,741
0.01,181,9,7,6
0.01,181,10,1054,963
0.01,181,11,7,4
0.01,182,0,985,641
0.01,182,1,10,2
0.01,182,2,969,788
0.01,182,3,8,6
0.01,182,4,1027,988
0.01,182,5,11,8
0.01,182,6,1072,636
0.01,182,7,7,3
0.01,182,8,958,703
0.01,182,9,11,8
0.01,182,10,929,843
0.01,182,11,13,9
0.01,183,0,929,596
0.01,183,1,12,5
0.01,183,2,962,789
0.01,183,3,12,7
0.01,183,4,1022,993
0.01,183,5,9,7
0.01,183,6,999,631
0.01,183,7,9,2
0.01,183,8,1036,785
0.01,183,9,9,6
0.01,183,10,991,907
0.01,183,11,10,7
0.01,184,0,957,650
0.01,184,1,14,7
0.01,184,2,1006,844
0.01,184,3,8,5
0.01,184,4,1001,986
0.01,184,5,8,7
0.01,184,6,1009,620
0.01,184,7,11,5
0.01,184,8,974,783
0.01,184,9,8,6
0.01,184,10,994,921
0.01,184,11,10,8
0.01,185,0,976,640
0.01,185,1,9,5
0.01,185,2,1005,829
0.01,185,3,7,3
0.01,185,4,975,950
0.01,185,5,12,8
0.01,185,6,1000,620
0.01,185,7,7,5
0.01,185,8,1020,773
0.01,185,9,14,8
0.01,185,10,968,869
0.01,185,11,7,4
0.01,186,0,997,678
0.01,186,1,14,5
0.01,186,2,1011,825
0.01,186,3,16,9
0.01,186,4,971,942
0.01,186,5,10,6
0.01,186,6,1015,600
0.01,186,7,10,7
0.01,186,8,932,723
0.01,186,9,7,6
0.01,186,10,1006,917
0.01,186,11,11,7
0.01,187,0,990,651
0.01,187,1,10,4
0.01,187,2,965,797
0.01,187,3,11,6
0.01,187,4,1041,1008
0.01,187,5,10,10
0.01,187,6,948,562
0.01,187,7,10,4
0.01,187,8,975,727
0.01,187,9,10,5
0.01,187,10,1019,938
0.01,187,11,11,10
0.01,188,0,955,630
0.01,188,1,13,4
0.01,188,2,1003,830
0.01,188,3,9,5
0.01,188,4,1032,1012
0.01,188,5,11,8
0.01,188,6,1007,647
0.01,188,7,7,2
0.01,188,8,966,699
0.01,188,9,11,7
0.01,188,10,977,888
0.01,188,11,9,6
0.01,189,0,1022,687
0.01,189,1,9,6
0.01,189,2,980,814
0.01,189,3,4,4
0.01,189,4,998,966
0.01,189,5,8,6
0.01,189,6,963,589
0.01,189,7,10,5
0.01,189,8,1022,787
0.01,189,9,5,3
0.01,189,10,974,876
0.01,189,11,5,5
0.01,190,0,1029,707
0.01,190,1,18,9
0.01,190,2,998,817
0.01,190,3,14,8
0.01,190,4,1016,985
0.01,190,5,12,8
0.01,190,6,903,535
0.01,190,7,8,5
0.01,190,8,976,742
0.01,190,9,10,6
0.01,190,10,1011,910
0.01,190,11,5,4
0.01,191,0,975,650
0.01,191,1,11,4
0.01,191,2,1030,845
0.01,191,3,12,5
0.01,191,4,961,939
0.01,191,5,10,8
0.01,191,6,1048,618
0.01,191,7,11,5
0.01,191,8,973,732
0.01,191,9,14,8
0.01,191,10,950,873
0.01,191,11,5,4
0.01,192,0,1008,704
0.01,192,1,3,0
0.01,192,2,939,774
0.01,192,3,11,6
0.01,192,4,984,951
0.01,192,5,7,3
0.01,192,6,986,583
0.01,192,7,8,7
0.01,192,8,1049,773
0.01,192,9,9,6
0.01,192,10,991,896
0.01,192,11,5,4
0.01,193,0,1017,696
0.01,193,1,12,5
0.01,193,2,991,796
0.01,193,3,10,6
0.01,193,4,992,965
0.01,193,5,10,8
0.01,193,6,938,556
0.01,193,7,11,6
0.01,193,8,997,743
0.01,193,9,14,7
0.01,193,10,1004,914
0.01,193,11,4,3
0.01,194,0,983,667
0.01,194,1,10,5
0.01,194,2,917,760
0.01,194,3,8,3
0.01,194,4,1065,1034
0.01,194,5,17,10
0.01,194,6,981,619
0.01,194,7,11,7
0.01,194,8,973,735
0.01,194,9,10,7
0.01,194,10,1010,918
0.01,194,11,15,10
0.01,195,0,988,654
0.01,195,1,12,7
0.01,195,2,979,822
0.01,195,3,7,3
0.01,195,4,969,945
0.01,195,5,11,10
0.01,195,6,1028,592
0.01,195,7,2,2
0.01,195,8,942,703
0.01,195,9,13,10
0.01,195,10,1038,959
0.01,195,11,11,11
0.01,196,0,1015,700
0.01,196,1,12,5
0.01,196,2,1031,841
0.01,196,3,4,3
0.01,196,4,960,932
0.01,196,5,6,6
0.01,196,6,927,563
0.01,196,7,13,7
0.01,196,8,1014,780
0.01,196,9,13,6
0.01,196,10,996,902
0.01,196,11,9,9
0.01,197,0,971,654
0.01,197,1,8,4
0.01,197,2,995,812
0.01,197,3,7,5
0.01,197,4,1003,965
0.01,197,5,5,3
0.01,197,6,968,591
0.01,197,7,11,10
0.01,197,8,988,772
0.01,197,9,11,5
0.01,197,10,1023,957
0.01,197,11,10,8
0.01,198,0,963,651
0.01,198,1,12,3
0.01,198,2,994,824
0.01,198,3,15,10
0.01,198,4,1026,992
0.01,198,5,11,7
0.01,198,6,976,586
0.01,198,7,5,3
0.01,198,8,983,768
0.01,198,9,4,2
0.01,198,10,1008,921
0.01,198,11,3,2
0.01,199,0,1009,639
0.01,199,1,6,5
0.01,199,2,966,782
0.01,199,3,20,13
0.01,199,4,1006,978
0.01,199,5,9,6
0.01,199,6,956,574
0.01,199,7,15,10
0.01,199,8,961,739
0.01,199,9,14,12
0.01,199,10,1030,940
0.01,199,11,8,4
